,id,Q1,Unnamed: 0_x,Q2,Unnamed: 0_y,Q3
0,469945926522785792,1,0,1,8,1
1,468958193297920000,1,2,1,934,0
2,471507257839341569,1,4,1,935,0
3,471462539097042944,1,5,1,0,1
4,470800278992998400,1,7,1,1,1
5,470582391392976896,1,8,1,137,1
6,469632884236906496,1,9,1,2,1
7,469356238502121472,1,341,1,138,1
8,469277856422715392,1,342,1,139,1
9,467731695018721280,1,11,1,3,1
10,466493144562163712,1,13,1,936,0
11,464986155109580800,1,15,1,4,1
12,464918972186783745,1,16,1,1008,0
13,463432039329697792,1,18,1,141,1
14,462797726942765056,1,19,1,5,1
15,462753859606032384,1,20,1,937,0
16,462639568404373505,1,21,1,6,1
17,462451404771438592,1,22,1,7,1
18,472922987587731456,1,25,1,9,1
19,472915116724207616,1,26,1,10,1
20,472873108366708738,1,30,1,938,0
21,472857035173011458,1,31,1,11,1
22,472855102278340608,1,1899,1,831,1
23,472845980845740032,1,32,1,12,1
24,472845681905115137,1,33,1,13,1
25,472800208292552705,1,34,1,14,1
26,472795930643931136,1,35,1,15,1
27,472578899738894336,1,36,1,16,1
28,472571327665434624,1,37,1,17,1
29,472567546051563520,1,39,1,833,1
30,472566987185750016,1,40,1,1476,0
31,472552015344959488,1,41,1,18,1
32,472540607563309058,1,1903,1,835,1
33,472539128069120000,1,42,1,836,1
34,472532423784542208,1,43,1,837,1
35,472523506329325568,1,44,1,1477,0
36,472518499785773056,1,45,1,19,1
37,472516931593834496,1,46,1,20,1
38,472495357747003393,1,47,1,939,0
39,472401100902236160,1,48,1,940,0
40,472383648105127937,1,49,1,941,0
41,472258571359768576,1,51,1,21,1
42,472250684528943104,1,52,1,840,1
43,472187316556271617,1,54,1,942,0
44,472186121930412032,1,55,1,22,1
45,472181243128582144,1,56,1,23,1
46,472166026546020354,1,57,1,841,1
47,472146258283737088,1,58,1,24,1
48,472139796899704832,1,59,1,1478,0
49,472041958966173697,1,60,1,943,0
50,472033901125599232,1,1907,1,842,1
51,472022134202843136,1,61,1,944,0
52,471874172117712896,1,62,1,945,0
53,471870569433268224,1,63,1,25,1
54,471837692121317376,1,64,1,26,1
55,471801578136272896,1,65,1,27,1
56,471799767518150657,1,66,1,28,1
57,471774191851958273,1,67,1,946,0
58,471710282876588032,1,68,1,1480,0
59,471650911870136320,1,69,1,1482,0
60,471616564190781440,1,70,1,947,0
61,471561982630715392,1,1911,1,1483,0
62,471533880542257152,1,71,1,29,1
63,471477403530051584,1,72,1,948,0
64,471424776373030912,1,74,1,30,1
65,471356751934410752,1,1914,1,845,1
66,471310017585369088,1,75,1,949,0
67,471294889322631168,1,76,1,950,0
68,471149169781268481,1,77,1,951,0
69,471118352187162624,1,78,1,31,1
70,471095997394071552,1,79,1,32,1
71,471052614226812928,1,80,1,33,1
72,471045025741406208,1,81,1,847,1
73,471018151556444160,1,83,1,34,1
74,471016961514536960,1,84,1,35,1
75,471008386792693760,1,85,1,36,1
76,471001362235273216,1,86,1,952,0
77,470968843628969984,1,1918,1,848,1
78,470947293693489152,1,87,1,953,0
79,470867573178122240,1,88,1,954,0
80,470801001507987456,1,89,1,849,1
81,470800623676686336,1,90,1,850,1
82,470774465459388416,1,1920,1,1487,0
83,470745900890222592,1,91,1,37,1
84,470724998261657602,1,94,1,1490,0
85,470683919445426176,1,95,1,38,1
86,470642809377013760,1,96,1,1491,0
87,470632863835389952,1,97,1,853,1
88,470581689769791488,1,98,1,39,1
89,470577459529007104,1,99,1,854,1
90,470544130276605953,1,100,1,1492,0
91,470541857374863360,1,101,1,955,0
92,470421223495970816,1,102,1,855,1
93,470409074589589504,1,104,1,40,1
94,470408181148303361,1,105,1,956,0
95,470378467323039744,1,107,1,1494,0
96,470375766946226176,1,108,1,41,1
97,470367287568916480,1,109,1,42,1
98,470357415175942144,1,110,1,1495,0
99,470351032938405888,1,111,1,856,1
100,470345533106954242,1,112,1,43,1
101,470332693637787648,1,114,1,857,1
102,470330719211118592,1,115,1,1496,0
103,470310957999480832,1,116,1,1497,0
104,470304276829720576,1,117,1,44,1
105,470273606308462592,1,118,1,45,1
106,470265628721704962,1,119,1,46,1
107,470071355782987776,1,1930,1,1498,0
108,470060874137600000,1,121,1,957,0
109,470026157396869121,1,122,1,47,1
110,470025738490773504,1,123,1,958,0
111,470018814537920512,1,1931,1,1499,0
112,470008598852947969,1,124,1,48,1
113,469992801745518592,1,126,1,49,1
114,469985824608514050,1,1932,1,1500,0
115,469983234130849792,1,127,1,50,1
116,469919696201220097,1,128,1,860,1
117,469868092865400832,1,1933,1,861,1
118,469684443649933312,1,1935,1,1502,0
119,469680949295591425,1,131,1,51,1
120,469647470327508992,1,132,1,959,0
121,469614345253838848,1,133,1,1503,0
122,469584301974364161,1,134,1,52,1
123,469577169279410177,1,1936,1,864,1
124,469537067815669760,1,135,1,1504,0
125,469473561863016448,1,136,1,865,1
126,469295792251883521,1,138,1,53,1
127,469279297283584000,1,1939,1,1505,0
128,469277897468153856,1,139,1,54,1
129,469159728698753024,1,141,1,960,0
130,469138711624433665,1,142,1,1507,0
131,469106923334561793,1,143,1,1508,0
132,468988689184739328,1,144,1,55,1
133,468941082685087745,1,145,1,961,0
134,468930248995012609,1,146,1,1509,0
135,468929500655661060,1,1942,1,1510,0
136,468926492194643969,1,147,1,1511,0
137,468907540831825920,1,148,1,56,1
138,468894989909774336,1,149,1,57,1
139,468892884654362624,1,150,1,962,0
140,468883342616981507,1,151,1,58,1
141,468813340194906112,1,152,1,963,0
142,468608598713851904,1,153,1,1513,0
143,468594234837467136,1,154,1,59,1
144,468487754478014465,1,155,1,964,0
145,468479111002734592,1,1944,1,1514,0
146,468478433669177345,1,1945,1,1515,0
147,468241805436530688,1,156,1,60,1
148,468224869566783488,1,157,1,61,1
149,468135161193062400,1,158,1,965,0
150,468061831127265280,1,159,1,966,0
151,467888464386854913,1,160,1,967,0
152,467862692322365440,1,161,1,968,0
153,467857960799318016,1,162,1,62,1
154,467840382081200128,1,163,1,63,1
155,467830870804811776,1,164,1,64,1
156,467826016074084353,1,1948,1,871,1
157,467824519223476224,1,165,1,65,1
158,467822518230073344,1,166,1,66,1
159,467791961697841153,1,168,1,872,1
160,467784827543257088,1,169,1,67,1
161,467763072191717376,1,1950,1,1517,0
162,467703043887476736,1,1954,1,1518,0
163,467683962048225281,1,172,1,1519,0
164,467667938343149568,1,173,1,969,0
165,467660563569340416,1,174,1,68,1
166,467643371666698240,1,175,1,69,1
167,467499681564880896,1,1955,1,1521,0
168,467497516368265217,1,176,1,70,1
169,467496243988795392,1,177,1,874,1
170,467476243420839938,1,178,1,970,0
171,467427878318395392,1,179,1,71,1
172,467346610108637184,1,180,1,1523,0
173,467336166799572992,1,181,1,971,0
174,467247875282706432,1,182,1,972,0
175,467185428207247361,1,183,1,877,1
176,467149056469635072,1,1959,1,1525,0
177,467138497581969408,1,185,1,878,1
178,467111787825860608,1,187,1,973,0
179,467111040933965825,1,1960,1,1526,0
180,467097757334126592,1,188,1,72,1
181,467094972421120000,1,189,1,73,1
182,467094140283813888,1,190,1,974,0
183,466949665024262146,1,193,1,975,0
184,466917066399047680,1,194,1,880,1
185,466814541289259008,1,195,1,881,1
186,466805373706719233,1,196,1,74,1
187,466804536330690560,1,197,1,75,1
188,466777754789498880,1,198,1,882,1
189,466746643866714112,1,199,1,76,1
190,466743431768080384,1,1962,1,1527,0
191,466666844859146240,1,1963,1,1528,0
192,466617148400762881,1,200,1,883,1
193,466585409762623488,1,201,1,1529,0
194,466578658334101504,1,202,1,1530,0
195,466478623701344256,1,203,1,77,1
196,466446010202726402,1,204,1,884,1
197,466413431101616128,1,205,1,78,1
198,466400952787161088,1,206,1,79,1
199,466382317024739331,1,1968,1,1531,0
200,466370480061296640,1,207,1,885,1
201,466341098278117376,1,208,1,80,1
202,466259833822654464,1,1972,1,886,1
203,466242412458037248,1,211,1,976,0
204,466104293305905152,1,212,1,977,0
205,466067145861124096,1,213,1,81,1
206,466033465692282880,1,214,1,887,1
207,465968683660365824,1,215,1,82,1
208,465957451888881664,1,216,1,1532,0
209,465904190842494976,1,217,1,978,0
210,465870095794049025,1,219,1,889,1
211,465671440466194432,1,1978,1,1534,0
212,465660196036296704,1,221,1,83,1
213,465647324560363520,1,222,1,979,0
214,465619851961069568,1,1980,1,890,1
215,465615191380856833,1,223,1,84,1
216,465573974600990720,1,224,1,85,1
217,465530643657400320,1,225,1,980,0
218,465508523313729536,1,226,1,86,1
219,465375822023385088,1,227,1,891,1
220,465361289410523136,1,228,1,87,1
221,465343466902663168,1,1983,1,893,1
222,465332761977683968,1,229,1,88,1
223,465324549874405376,1,230,1,89,1
224,465321838735015936,1,231,1,1538,0
225,465312146944180226,1,232,1,90,1
226,465300700617256960,1,233,1,1540,0
227,465298082356133888,1,234,1,981,0
228,465246344786214913,1,235,1,91,1
229,465220842058964992,1,237,1,92,1
230,465201581743693824,1,238,1,93,1
231,465189157417922560,1,239,1,982,0
232,465183125581352960,1,240,1,983,0
233,465181118187048961,1,241,1,94,1
234,465180146085814272,1,242,1,984,0
235,465005699014352896,1,243,1,985,0
236,464978757875671041,1,1988,1,1543,0
237,464974284377436160,1,244,1,95,1
238,464935509702475778,1,246,1,899,1
239,464935067937026048,1,247,1,986,0
240,464924579694403584,1,248,1,987,0
241,464920389626646528,1,249,1,96,1
242,464893099689275392,1,250,1,1544,0
243,464882160688570368,1,1992,1,1545,0
244,464825491485392896,1,251,1,988,0
245,464606615388557313,1,253,1,989,0
246,464553997081526272,1,254,1,97,1
247,464549877012529153,1,1995,1,903,1
248,464547616844685313,1,1996,1,1547,0
249,464257032711708673,1,256,1,990,0
250,464255193627254784,1,257,1,98,1
251,464252973838004224,1,258,1,991,0
252,464250624910299136,1,259,1,992,0
253,464224947221843968,1,261,1,99,1
254,464220482813034496,1,262,1,905,1
255,464200435629584386,1,263,1,993,0
256,464162807261724672,1,2000,1,1549,0
257,464155603485462529,1,265,1,100,1
258,464138490784280576,1,266,1,101,1
259,463876581568413696,1,268,1,994,0
260,463871895775899648,1,269,1,906,1
261,463853362761322496,1,270,1,102,1
262,463852555588481024,1,271,1,995,0
263,463842022785175552,1,273,1,103,1
264,463840438458130432,1,274,1,907,1
265,463838368673984512,1,275,1,104,1
266,463826933742960640,1,276,1,105,1
267,463825014681120769,1,277,1,106,1
268,463802899760295936,1,279,1,107,1
269,463721508058460161,1,281,1,108,1
270,463670312861986816,1,2006,1,1553,0
271,463516825587032064,1,282,1,1555,0
272,463512470494396416,1,2007,1,1556,0
273,463510565676384256,1,283,1,109,1
274,463497460355444736,1,284,1,996,0
275,463494718773809153,1,285,1,997,0
276,463479150507208705,1,2009,1,910,1
277,463472010262097920,1,287,1,110,1
278,463459732398018560,1,288,1,111,1
279,463357221053956096,1,291,1,112,1
280,463334491806003200,1,292,1,113,1
281,463332991675023362,1,293,1,114,1
282,463320298805555200,1,294,1,998,0
283,463192447422849025,1,295,1,115,1
284,463141842389704704,1,2012,1,912,1
285,463133970809753600,1,296,1,999,0
286,463108625859629056,1,297,1,116,1
287,463071515463135233,1,298,1,117,1
288,462994914205523968,1,2017,1,1562,0
289,462979361650376704,1,299,1,914,1
290,462859803610460160,1,300,1,1000,0
291,462813353346613248,1,301,1,118,1
292,462786950663905280,1,302,1,119,1
293,462782705269084160,1,303,1,1001,0
294,462764754483023872,1,304,1,120,1
295,462758674512244736,1,305,1,1565,0
296,462755601123377152,1,306,1,121,1
297,462751794456961024,1,307,1,122,1
298,462749687809081344,1,308,1,918,1
299,462749056486621184,1,309,1,123,1
300,462711818000297985,1,311,1,124,1
301,462701060650717184,1,312,1,125,1
302,462670545872777216,1,313,1,126,1
303,462656440784920576,1,314,1,1567,0
304,462624944254636032,1,315,1,921,1
305,462598909211443200,1,316,1,922,1
306,462592928569753600,1,317,1,1002,0
307,462578667089301504,1,318,1,1003,0
308,462473218314731520,1,2028,1,923,1
309,462466171024191488,1,319,1,127,1
310,462463385914077184,1,320,1,128,1
311,462441941981200384,1,321,1,129,1
312,462423664688775169,1,322,1,1569,0
313,462413413394567169,1,323,1,926,1
314,462411537190121472,1,324,1,927,1
315,462409512557637633,1,325,1,928,1
316,462406990971801601,1,326,1,130,1
317,462393244106514433,1,327,1,131,1
318,462369886937694208,1,328,1,1570,0
319,462368633839054848,1,329,1,132,1
320,462362834371088385,1,330,1,1004,0
321,462350333679632384,1,2033,1,1571,0
322,462349867226910720,1,331,1,133,1
323,462313926261489672,1,2034,1,1572,0
324,462310599016591361,1,2035,1,929,1
325,462309868503072769,1,332,1,930,1
326,462244540192391169,1,333,1,1005,0
327,462098726962470914,1,2036,1,1573,0
328,462047890534567936,1,334,1,134,1
329,461978636795777025,1,2040,1,931,1
330,461933910004215808,1,336,1,1575,0
331,461928306238308352,1,337,1,135,1
332,461866627420545024,1,338,1,1006,0
333,461732452801597440,1,339,1,932,1
334,461721857247694848,1,340,1,136,1
335,461718545634951168,1,2043,1,933,1
336,472932793283252224,1,346,1,1009,0
337,472926849413427200,1,347,1,142,1
338,472919560421933056,1,348,1,143,1
339,472916323702685697,1,350,1,144,1
340,472907440410075137,1,351,1,1010,0
341,472907151611265024,1,352,1,145,1
342,472902428300705792,1,353,1,146,1
343,472897426022760448,1,354,1,1011,0
344,472896726366715905,1,355,1,147,1
345,472892588169891842,1,356,1,148,1
346,472889956101529601,1,357,1,149,1
347,472880095548678144,1,358,1,1012,0
348,472874653867057154,1,360,1,1013,0
349,472868411891273728,1,361,1,150,1
350,472865074273861632,1,362,1,151,1
351,472861032604766208,1,364,1,1014,0
352,472853372840992768,1,365,1,152,1
353,472849247306391552,1,366,1,153,1
354,472844792825909248,1,367,1,154,1
355,472844136408969216,1,368,1,155,1
356,472823770131210240,1,370,1,156,1
357,472810240933912576,1,371,1,1015,0
358,472810156716482560,1,372,1,1016,0
359,472809409731895296,1,373,1,157,1
360,472806884383408129,1,375,1,158,1
361,472803541007216640,1,376,1,159,1
362,472799345801449472,1,377,1,1017,0
363,472794674315292672,1,378,1,1018,0
364,472791032313434112,1,379,1,160,1
365,472790800011902977,1,380,1,1019,0
366,472781892446846976,1,381,1,161,1
367,472781180010758145,1,382,1,1020,0
368,472779373494677504,1,383,1,1021,0
369,472779155080101888,1,384,1,1022,0
370,472771498579865600,1,385,1,162,1
371,472766886396977152,1,386,1,163,1
372,472766181015695360,1,387,1,164,1
373,472759274062360576,1,388,1,1023,0
374,472748188123017216,1,390,1,1024,0
375,472743637609349120,1,391,1,1025,0
376,472742337828110336,1,392,1,165,1
377,472741496337477633,1,393,1,1026,0
378,472732143974899712,1,396,1,1027,0
379,472718613141782528,1,397,1,166,1
380,472707036254175232,1,398,1,1028,0
381,472633101881839616,1,400,1,1029,0
382,472616405620117504,1,403,1,167,1
383,472613479099404288,1,405,1,168,1
384,472612027102662656,1,406,1,1030,0
385,472608771618136064,1,408,1,169,1
386,472595010068946944,1,409,1,170,1
387,472594608082681856,1,410,1,171,1
388,472586852537741312,1,413,1,172,1
389,472580949612691456,1,414,1,1031,0
390,472578687012196352,1,415,1,173,1
391,472574779120418816,1,417,1,174,1
392,472573392629944320,1,418,1,175,1
393,472563806938619904,1,420,1,176,1
394,472562766113677312,1,421,1,177,1
395,472559575049461760,1,423,1,178,1
396,472548426694266880,1,424,1,179,1
397,472540426420101120,1,426,1,180,1
398,472538149109788672,1,429,1,1032,0
399,472535848320532480,1,430,1,181,1
400,472535573513895936,1,431,1,182,1
401,472531077580738560,1,432,1,183,1
402,472530984924372992,1,433,1,1033,0
403,472530436552679424,1,436,1,1034,0
404,472524290223800320,1,437,1,184,1
405,472520763451650049,1,439,1,185,1
406,472517059247874049,1,441,1,186,1
407,472512232539324417,1,443,1,187,1
408,472511008058003456,1,444,1,188,1
409,472510042764500992,1,445,1,189,1
410,472503490410213376,1,447,1,190,1
411,472500783372857344,1,448,1,1035,0
412,472499516558409728,1,449,1,1036,0
413,472497598897856512,1,450,1,191,1
414,472496238492135425,1,451,1,192,1
415,472495543311409152,1,452,1,193,1
416,472488790393901057,1,453,1,1037,0
417,472478010319577088,1,454,1,1038,0
418,472476963651981312,1,455,1,1039,0
419,472476376239702016,1,456,1,194,1
420,472469564455133184,1,459,1,1040,0
421,472460620995248128,1,462,1,195,1
422,472444655892570112,1,464,1,1041,0
423,472429610932514816,1,465,1,1042,0
424,472422272784166913,1,466,1,1043,0
425,472413303864832000,1,468,1,1044,0
426,472408466188144640,1,469,1,1045,0
427,472401706979176448,1,470,1,1046,0
428,472396811744051200,1,471,1,196,1
429,472355214415384576,1,472,1,1047,0
430,472290625275322368,1,474,1,197,1
431,472257238229192705,1,475,1,1048,0
432,472241839379345408,1,477,1,1049,0
433,472230960855932928,1,478,1,1050,0
434,472224229619154944,1,479,1,198,1
435,472223295639924736,1,480,1,199,1
436,472219165202599937,1,483,1,200,1
437,472198999731351552,1,486,1,201,1
438,472184747406688256,1,487,1,202,1
439,472174406278868992,1,488,1,203,1
440,472172765106417664,1,489,1,204,1
441,472162210614362112,1,490,1,205,1
442,472158631837073408,1,491,1,1051,0
443,472143258165215233,1,492,1,206,1
444,472134868714131457,1,494,1,1052,0
445,472126982084636674,1,495,1,207,1
446,472122124199419904,1,496,1,1053,0
447,472118817053999104,1,497,1,1054,0
448,472094683418882048,1,498,1,208,1
449,472082992727621632,1,499,1,1055,0
450,472064748906110976,1,500,1,209,1
451,472052670761824257,1,501,1,210,1
452,472046985990930432,1,502,1,1056,0
453,472037010408894465,1,503,1,211,1
454,472000140329623553,1,504,1,1057,0
455,471871090978217985,1,505,1,212,1
456,471858144306409474,1,506,1,1058,0
457,471830152130072576,1,508,1,213,1
458,471820952830242816,1,511,1,214,1
459,471819826873511937,1,512,1,215,1
460,471814351796858880,1,514,1,216,1
461,471808050215399424,1,516,1,217,1
462,471803210542620672,1,517,1,1059,0
463,471792321013776384,1,518,1,218,1
464,471781009340776448,1,519,1,1060,0
465,471759427360813056,1,521,1,219,1
466,471744207649247232,1,522,1,220,1
467,471724840760930305,1,523,1,1061,0
468,471705392205271040,1,524,1,221,1
469,471677065138552832,1,525,1,1062,0
470,471646107458883584,1,526,1,1063,0
471,471633445228404736,1,527,1,1064,0
472,471543822695288832,1,529,1,1065,0
473,471533266189959168,1,530,1,222,1
474,471517656101953536,1,531,1,1066,0
475,471505740591808512,1,532,1,1067,0
476,471505729749532672,1,533,1,223,1
477,471505729749532672,1,534,1,223,1
478,471505729749532672,1,533,1,223,1
479,471505729749532672,1,534,1,223,1
480,471494226795319296,1,536,1,224,1
481,471490647182946304,1,537,1,225,1
482,471489507590959104,1,538,1,226,1
483,471483446125023232,1,539,1,227,1
484,471482297389027329,1,540,1,228,1
485,471478630158450688,1,541,1,1068,0
486,471457111281389568,1,542,1,229,1
487,471456967412957185,1,543,1,1069,0
488,471431499133501440,1,546,1,230,1
489,471429305038557185,1,547,1,1070,0
490,471420888550608896,1,549,1,231,1
491,471391674992979968,1,552,1,232,1
492,471377523956523009,1,554,1,1071,0
493,471369171725742080,1,555,1,233,1
494,471346827720421376,1,558,1,234,1
495,471345969628741632,1,559,1,235,1
496,471338667160911872,1,560,1,236,1
497,471319265396527104,1,561,1,1072,0
498,471312811931754498,1,562,1,237,1
499,471280957966675968,1,563,1,238,1
500,471266313722011651,1,566,1,1073,0
501,471258510786039808,1,567,1,1074,0
502,471241249702555648,1,568,1,1075,0
503,471203526677651456,1,569,1,1076,0
504,471171921686843392,1,570,1,239,1
505,471171409453252608,1,571,1,240,1
506,471149195433639936,1,573,1,241,1
507,471142528209936385,1,574,1,242,1
508,471141599893020672,1,575,1,1077,0
509,471127602741407744,1,576,1,243,1
510,471122324331433984,1,578,1,244,1
511,471115784866263041,1,579,1,245,1
512,471105106222395392,1,580,1,246,1
513,471099557347328000,1,581,1,247,1
514,471097360949714944,1,583,1,248,1
515,471094396939542528,1,584,1,249,1
516,471091545832431616,1,585,1,250,1
517,471080533024595969,1,587,1,251,1
518,471076000584204288,1,588,1,252,1
519,471070880769273856,1,590,1,1078,0
520,471061011881922560,1,594,1,253,1
521,471059215810039808,1,595,1,254,1
522,471056747126616064,1,596,1,1079,0
523,471050487307841536,1,597,1,255,1
524,471049692051435520,1,598,1,256,1
525,471047158477512704,1,599,1,257,1
526,471040279936790528,1,601,1,258,1
527,471031514013392897,1,602,1,259,1
528,471028325335719936,1,603,1,1080,0
529,471013690477936640,1,605,1,260,1
530,471011314241118208,1,606,1,261,1
531,471005020184653824,1,607,1,262,1
532,470982090457374720,1,610,1,263,1
533,470981770704211968,1,611,1,264,1
534,470979500453666816,1,612,1,265,1
535,470977267909554176,1,613,1,266,1
536,470970911710277633,1,614,1,267,1
537,470965831854477312,1,615,1,1081,0
538,470964938429984768,1,616,1,268,1
539,470960003109912576,1,617,1,269,1
540,470958463045353473,1,618,1,1082,0
541,470953330978865152,1,620,1,270,1
542,470951983621632001,1,621,1,1083,0
543,470940680249180161,1,623,1,1084,0
544,470920992110694400,1,626,1,1085,0
545,470905947905605632,1,628,1,1086,0
546,470830017006809088,1,630,1,271,1
547,470811403830317058,1,631,1,272,1
548,470803161989783552,1,633,1,273,1
549,470795755960430592,1,634,1,274,1
550,470779615095844864,1,635,1,275,1
551,470770219582230529,1,637,1,1087,0
552,470767552063602688,1,638,1,1088,0
553,470758193346658304,1,639,1,276,1
554,470756253195833344,1,640,1,277,1
555,470754629308153856,1,641,1,278,1
556,470750511642447872,1,642,1,279,1
557,470741965588688896,1,643,1,280,1
558,470736643641851906,1,644,1,281,1
559,470731829428101120,1,647,1,282,1
560,470721843109040129,1,648,1,283,1
561,470721843046141953,1,649,1,1089,0
562,470716079556141057,1,650,1,1090,0
563,470713326226251777,1,652,1,284,1
564,470704988197761024,1,653,1,1091,0
565,470704685972983808,1,654,1,285,1
566,470704405382049792,1,655,1,286,1
567,470704155544547328,1,656,1,287,1
568,470701688479678464,1,658,1,288,1
569,470701675314163713,1,659,1,289,1
570,470700999783751680,1,661,1,290,1
571,470690105167208448,1,662,1,1092,0
572,470682768696152064,1,663,1,291,1
573,470680092608593921,1,664,1,1093,0
574,470677166901178368,1,665,1,292,1
575,470668759985057792,1,667,1,1094,0
576,470662063682236417,1,668,1,293,1
577,470654437417947137,1,669,1,294,1
578,470654351128924163,1,670,1,295,1
579,470633371581046787,1,671,1,296,1
580,470631360575459328,1,672,1,297,1
581,470627660222459904,1,674,1,1095,0
582,470620097149554688,1,675,1,1096,0
583,470605596744368128,1,676,1,298,1
584,470600831104868352,1,678,1,1097,0
585,470595189757984768,1,679,1,299,1
586,470584897447682048,1,680,1,300,1
587,470584599743959040,1,681,1,1098,0
588,470580186279608320,1,683,1,1099,0
589,470576971165220864,1,684,1,1100,0
590,470576403188940800,1,685,1,1101,0
591,470560492545908737,1,686,1,1102,0
592,470516406522765312,1,689,1,301,1
593,470462749747974144,1,690,1,302,1
594,470420463538032640,1,693,1,1103,0
595,470416519222919169,1,694,1,303,1
596,470413486489866240,1,695,1,304,1
597,470409247004844032,1,697,1,305,1
598,470408778979246080,1,698,1,306,1
599,470396586208813057,1,700,1,307,1
600,470392879240994816,1,701,1,308,1
601,470392353669533696,1,702,1,309,1
602,470391548086329344,1,703,1,310,1
603,470389841083920384,1,704,1,311,1
604,470387237801054208,1,705,1,1104,0
605,470375131932811264,1,706,1,312,1
606,470370423494807553,1,708,1,1105,0
607,470368437748105216,1,710,1,1106,0
608,470363746490396672,1,712,1,313,1
609,470361383646011392,1,714,1,1107,0
610,470360442460966913,1,715,1,314,1
611,470358736088088576,1,717,1,315,1
612,470353913011380224,1,720,1,316,1
613,470353047626207232,1,721,1,317,1
614,470352378227863552,1,722,1,318,1
615,470346966539313153,1,723,1,319,1
616,470333708310814720,1,725,1,320,1
617,470329848259293184,1,726,1,321,1
618,470328807879352320,1,727,1,1108,0
619,470315786108555264,1,731,1,322,1
620,470312082395508736,1,732,1,323,1
621,470308417475997697,1,733,1,324,1
622,470306885204455425,1,734,1,325,1
623,470302391460696064,1,735,1,326,1
624,470301742702530561,1,736,1,327,1
625,470297886157471744,1,737,1,328,1
626,470289111241457664,1,738,1,329,1
627,470279291318841344,1,739,1,330,1
628,470279149119340544,1,740,1,331,1
629,470271855535083520,1,741,1,1109,0
630,470271803689283585,1,742,1,1110,0
631,470266703318749184,1,744,1,332,1
632,470265295593275393,1,745,1,333,1
633,470257475674193921,1,747,1,334,1
634,470252096080863232,1,748,1,335,1
635,470240374536306688,1,750,1,336,1
636,470233601301553152,1,751,1,1111,0
637,470226979384741889,1,753,1,1112,0
638,470225721131274240,1,754,1,337,1
639,470220802810732545,1,755,1,338,1
640,470207795363860482,1,756,1,1113,0
641,470201261435158528,1,757,1,1114,0
642,470191902139383809,1,758,1,339,1
643,470178757614243841,1,759,1,1115,0
644,470147538822377473,1,760,1,340,1
645,470094931558948864,1,761,1,1116,0
646,470078367359045632,1,763,1,341,1
647,470072530553016320,1,764,1,1117,0
648,470068383619506176,1,765,1,342,1
649,470067998821449728,1,766,1,343,1
650,470056663580684288,1,767,1,1118,0
651,470056208175742976,1,768,1,344,1
652,470053784778186752,1,769,1,345,1
653,470045105529712640,1,770,1,1119,0
654,470042559666876417,1,772,1,346,1
655,470040276824637440,1,773,1,347,1
656,470038993942642688,1,776,1,348,1
657,470034983613370368,1,777,1,349,1
658,470029895398359041,1,779,1,350,1
659,470023901205237761,1,781,1,351,1
660,470023864526065664,1,782,1,352,1
661,470023166203789314,1,783,1,353,1
662,470020089958653952,1,785,1,354,1
663,470016617116860416,1,786,1,1120,0
664,470001927388819457,1,788,1,355,1
665,470001551638294528,1,789,1,356,1
666,470000065378263040,1,791,1,357,1
667,469999588737572864,1,792,1,358,1
668,469997999368966144,1,794,1,1121,0
669,469996822723706881,1,795,1,1122,0
670,469995324946526208,1,796,1,359,1
671,469989014884204544,1,797,1,360,1
672,469985364958920705,1,799,1,361,1
673,469984531320434688,1,800,1,362,1
674,469962467448467456,1,804,1,1123,0
675,469946033322348544,1,807,1,363,1
676,469931058793029632,1,809,1,1124,0
677,469922600656068608,1,810,1,1125,0
678,469917284786794496,1,811,1,1126,0
679,469913080642957313,1,812,1,364,1
680,469909107869499392,1,813,1,1127,0
681,469897900584370176,1,814,1,1128,0
682,469894671511334912,1,815,1,1129,0
683,469843446031978496,1,816,1,1130,0
684,469828071982653440,1,817,1,1131,0
685,469815153018802176,1,819,1,1132,0
686,469799185542565888,1,821,1,1133,0
687,469766323971821568,1,822,1,365,1
688,469752658786807808,1,823,1,366,1
689,469707415227998210,1,827,1,1134,0
690,469699604821577728,1,829,1,367,1
691,469695184817893376,1,830,1,368,1
692,469687049067692033,1,833,1,1135,0
693,469644375686131712,1,837,1,369,1
694,469638081474084864,1,839,1,1136,0
695,469632144223240192,1,840,1,1137,0
696,469629124022398977,1,841,1,370,1
697,469629111237754883,1,842,1,371,1
698,469625882475511809,1,843,1,1138,0
699,469618959197958145,1,844,1,372,1
700,469616640900861952,1,845,1,373,1
701,469611212959797248,1,847,1,1139,0
702,469597890391048192,1,849,1,1140,0
703,469595125375827968,1,850,1,1141,0
704,469587861504032769,1,851,1,374,1
705,469586680664850433,1,852,1,375,1
706,469580354492575744,1,853,1,376,1
707,469560017684017152,1,855,1,377,1
708,469554135101366273,1,856,1,378,1
709,469546385621397504,1,857,1,1142,0
710,469516771649941504,1,859,1,1143,0
711,469493316971925504,1,861,1,1144,0
712,469479090169585665,1,862,1,1145,0
713,469476578884608000,1,863,1,1146,0
714,469464853061828608,1,864,1,1147,0
715,469456285654859778,1,865,1,1148,0
716,469449922312294400,1,866,1,1149,0
717,469343145021300736,1,869,1,379,1
718,469341443619033088,1,870,1,1150,0
719,469338651575721984,1,871,1,1151,0
720,469325235628826626,1,873,1,1152,0
721,469323518824710144,1,874,1,380,1
722,469320472988221440,1,875,1,1153,0
723,469319007741685760,1,876,1,1154,0
724,469314790188679168,1,877,1,381,1
725,469308353441959936,1,878,1,382,1
726,469307789060616192,1,879,1,1155,0
727,469305429760421888,1,881,1,383,1
728,469303314161885185,1,882,1,384,1
729,469299183665819648,1,883,1,1156,0
730,469295428249591808,1,884,1,385,1
731,469283218969993216,1,885,1,386,1
732,469275375022141440,1,886,1,387,1
733,469247259784519680,1,889,1,1157,0
734,469225207581122561,1,890,1,388,1
735,469185314716921856,1,891,1,389,1
736,469164010424635393,1,893,1,1158,0
737,469159225504301056,1,894,1,1159,0
738,469140959788552192,1,895,1,1160,0
739,469136065505542144,1,896,1,1161,0
740,468998367259803649,1,898,1,390,1
741,468989387527557120,1,899,1,391,1
742,468971951089004545,1,901,1,392,1
743,468952670964051968,1,904,1,393,1
744,468923729758920706,1,905,1,394,1
745,468919984480354304,1,906,1,395,1
746,468919931665657856,1,907,1,1162,0
747,468918957924442114,1,908,1,396,1
748,468913619846316033,1,910,1,1163,0
749,468913287284154369,1,911,1,397,1
750,468907969804259328,1,913,1,398,1
751,468901964450123776,1,914,1,399,1
752,468896438685290496,1,915,1,400,1
753,468896346653876224,1,916,1,401,1
754,468893304437100545,1,917,1,402,1
755,468888762437873664,1,920,1,403,1
756,468888370362728448,1,921,1,1164,0
757,468867377808281601,1,922,1,404,1
758,468866459599667200,1,923,1,405,1
759,468864425882292225,1,924,1,1165,0
760,468840614969085953,1,926,1,406,1
761,468840568500813824,1,927,1,1166,0
762,468823677724012544,1,928,1,1167,0
763,468820442560876544,1,929,1,1168,0
764,468752250329104384,1,931,1,407,1
765,468725979666337792,1,932,1,408,1
766,468617220361580545,1,933,1,409,1
767,468606874083139584,1,934,1,410,1
768,468603045119787008,1,935,1,411,1
769,468594619572568064,1,936,1,1169,0
770,468576291072245760,1,937,1,412,1
771,468569087132844032,1,938,1,1170,0
772,468548111841771520,1,940,1,1171,0
773,468545411490529280,1,941,1,413,1
774,468541956856221696,1,942,1,414,1
775,468537291473170432,1,944,1,1172,0
776,468534816326311936,1,945,1,1173,0
777,468534711682605056,1,946,1,415,1
778,468534336137199616,1,947,1,416,1
779,468527569009393664,1,948,1,417,1
780,468514707000000512,1,950,1,418,1
781,468478330497675264,1,952,1,1174,0
782,468452640419246080,1,954,1,1175,0
783,468452330615373825,1,955,1,1176,0
784,468442243515162625,1,957,1,419,1
785,468423309450051584,1,958,1,420,1
786,468415346211565568,1,959,1,421,1
787,468272803771588608,1,961,1,422,1
788,468270513295745024,1,962,1,1177,0
789,468236649013706752,1,964,1,423,1
790,468209947424333824,1,967,1,424,1
791,468196253080100864,1,968,1,425,1
792,468191408697139200,1,969,1,426,1
793,468187686218768384,1,970,1,1178,0
794,468176686832705536,1,972,1,1179,0
795,468173699490009088,1,973,1,427,1
796,468167444373446656,1,974,1,1180,0
797,468163034280902656,1,975,1,428,1
798,468157903829225472,1,976,1,1181,0
799,468153323275976704,1,977,1,1182,0
800,468141829981216769,1,978,1,1183,0
801,468124042273509376,1,981,1,429,1
802,468118993363279872,1,982,1,430,1
803,468110606000615424,1,983,1,431,1
804,468108280275808257,1,984,1,432,1
805,468105919721910272,1,985,1,433,1
806,468102171938930689,1,986,1,434,1
807,468095314050572288,1,987,1,435,1
808,468089944175828992,1,989,1,436,1
809,468086825152954368,1,991,1,437,1
810,468083533056319488,1,992,1,1184,0
811,468061381259173888,1,994,1,1185,0
812,468059718616096768,1,996,1,1186,0
813,468055204118933504,1,997,1,1187,0
814,468048781326688256,1,998,1,1188,0
815,468037134969237504,1,1000,1,1189,0
816,468035094322905088,1,1001,1,1190,0
817,468032451181543424,1,1002,1,1191,0
818,468030852631638016,1,1003,1,1192,0
819,468018192544444418,1,1004,1,1193,0
820,467929166181335040,1,1006,1,438,1
821,467923022230585344,1,1007,1,1194,0
822,467902570741002240,1,1008,1,439,1
823,467893416572231680,1,1009,1,440,1
824,467886926918598656,1,1011,1,441,1
825,467886388621627392,1,1012,1,442,1
826,467881707660902400,1,1013,1,1195,0
827,467877816668024833,1,1015,1,443,1
828,467872659221786624,1,1017,1,444,1
829,467870962332237824,1,1018,1,445,1
830,467867836749451264,1,1019,1,1196,0
831,467856937603055617,1,1020,1,446,1
832,467851144019312640,1,1021,1,1197,0
833,467840770011983875,1,1023,1,1198,0
834,467835133093896192,1,1025,1,447,1
835,467834254165286912,1,1026,1,448,1
836,467834141946699776,1,1027,1,449,1
837,467833294294634497,1,1028,1,450,1
838,467832620794261505,1,1030,1,1199,0
839,467826721191104513,1,1031,1,451,1
840,467822130789621760,1,1032,1,1200,0
841,467803406954799104,1,1034,1,1201,0
842,467779015793991681,1,1035,1,452,1
843,467776428193619968,1,1036,1,453,1
844,467774645786382336,1,1037,1,454,1
845,467767515624390656,1,1038,1,455,1
846,467761957215682560,1,1039,1,456,1
847,467754373633048577,1,1041,1,1202,0
848,467739816063287297,1,1042,1,457,1
849,467715358539800576,1,1043,1,458,1
850,467712549497352193,1,1044,1,1203,0
851,467701662074044416,1,1045,1,459,1
852,467674583920021505,1,1048,1,1204,0
853,467659232155009025,1,1049,1,1205,0
854,467655993162076160,1,1050,1,460,1
855,467642508756127744,1,1052,1,461,1
856,467617536159514624,1,1053,1,1206,0
857,467583615032111104,1,1054,1,1207,0
858,467566835747926017,1,1055,1,462,1
859,467545241218596864,1,1056,1,463,1
860,467541388800696320,1,1057,1,464,1
861,467541246232506368,1,1058,1,465,1
862,467538844154626048,1,1059,1,466,1
863,467534318005649408,1,1060,1,467,1
864,467532542804234240,1,1061,1,468,1
865,467511082954027009,1,1063,1,469,1
866,467510939269734400,1,1064,1,470,1
867,467505056993275904,1,1066,1,1208,0
868,467498864556376064,1,1067,1,1209,0
869,467497347342413824,1,1068,1,1210,0
870,467495808364216320,1,1069,1,471,1
871,467492725168689152,1,1070,1,472,1
872,467488565493235712,1,1071,1,473,1
873,467485230849617920,1,1072,1,1211,0
874,467484617197760512,1,1073,1,1212,0
875,467483284847747072,1,1074,1,474,1
876,467483063254269954,1,1075,1,475,1
877,467482803987554304,1,1076,1,1213,0
878,467480887396139009,1,1077,1,1214,0
879,467478623004663808,1,1078,1,476,1
880,467472841651544064,1,1079,1,477,1
881,467469732552409088,1,1080,1,478,1
882,467468844081360897,1,1081,1,1215,0
883,467435495170277376,1,1083,1,479,1
884,467428934062460928,1,1084,1,1216,0
885,467425343641370624,1,1085,1,1217,0
886,467415741831348224,1,1086,1,480,1
887,467399867841937408,1,1087,1,481,1
888,467387406551769089,1,1088,1,1218,0
889,467370966612705282,1,1089,1,482,1
890,467350352849678337,1,1090,1,483,1
891,467338997334040576,1,1091,1,484,1
892,467333774439497728,1,1092,1,485,1
893,467316488039563266,1,1094,1,486,1
894,467275141538656256,1,1096,1,1219,0
895,467193454364471296,1,1098,1,487,1
896,467183398419963904,1,1099,1,488,1
897,467177534095106048,1,1100,1,1220,0
898,467175593872982016,1,1101,1,489,1
899,467168614945398784,1,1102,1,1221,0
900,467165430101336064,1,1103,1,490,1
901,467152600216129536,1,1104,1,1222,0
902,467150588363681792,1,1105,1,1223,0
903,467150492641271809,1,1106,1,1224,0
904,467150360101261312,1,1107,1,491,1
905,467150338529968128,1,1108,1,1225,0
906,467147305658093568,1,1110,1,1226,0
907,467139452805328896,1,1111,1,1227,0
908,467139338141048834,1,1112,1,492,1
909,467131822078693376,1,1114,1,493,1
910,467125174329176064,1,1116,1,494,1
911,467124357324877824,1,1117,1,1228,0
912,467123227626848256,1,1118,1,1229,0
913,467117191331315713,1,1119,1,495,1
914,467112972113158146,1,1120,1,1230,0
915,467110849610792960,1,1121,1,496,1
916,467110739053137920,1,1122,1,1231,0
917,467109534134439936,1,1123,1,1232,0
918,467105106274418688,1,1124,1,1233,0
919,467103914303971328,1,1125,1,1234,0
920,467103812084584448,1,1126,1,497,1
921,467093166907486208,1,1127,1,498,1
922,467081909697511424,1,1130,1,499,1
923,467080643466493952,1,1131,1,500,1
924,467074286306729987,1,1134,1,1235,0
925,467074144551845888,1,1135,1,501,1
926,467072160985391104,1,1136,1,1236,0
927,467070151574056960,1,1137,1,502,1
928,467065541950062592,1,1139,1,503,1
929,467058687883104256,1,1141,1,504,1
930,467043434843602945,1,1142,1,1237,0
931,467025901776293889,1,1146,1,505,1
932,467016509315747841,1,1147,1,1238,0
933,467016445667606528,1,1148,1,1239,0
934,467013976656998400,1,1149,1,506,1
935,467012248159133696,1,1150,1,507,1
936,467001281228603392,1,1151,1,508,1
937,466988103127691264,1,1153,1,1240,0
938,466980302221758465,1,1155,1,509,1
939,466967479861116928,1,1156,1,1241,0
940,466964370346766336,1,1157,1,1242,0
941,466961806637137920,1,1158,1,510,1
942,466956517204557824,1,1159,1,511,1
943,466951848231182336,1,1161,1,1243,0
944,466944896591740928,1,1162,1,512,1
945,466937564688306176,1,1164,1,513,1
946,466934829510959104,1,1165,1,514,1
947,466932706623127552,1,1166,1,1244,0
948,466921483508666368,1,1167,1,1245,0
949,466919979011809280,1,1168,1,1246,0
950,466837522489040896,1,1170,1,515,1
951,466834343038820352,1,1171,1,516,1
952,466800090959867904,1,1173,1,1247,0
953,466789449943511040,1,1174,1,1248,0
954,466772672765231104,1,1177,1,517,1
955,466766643373543424,1,1178,1,1249,0
956,466766592672825344,1,1179,1,518,1
957,466749779910066176,1,1181,1,519,1
958,466743007388377088,1,1182,1,520,1
959,466740564411830272,1,1183,1,521,1
960,466731068486586368,1,1185,1,1250,0
961,466716765880213504,1,1186,1,522,1
962,466710502899335168,1,1190,1,1251,0
963,466705785163370497,1,1192,1,523,1
964,466704388288176128,1,1193,1,524,1
965,466700915190550528,1,1194,1,525,1
966,466700719740170240,1,1195,1,526,1
967,466699318003765249,1,1196,1,1252,0
968,466653660286820352,1,1200,1,527,1
969,466648583836418048,1,1201,1,1253,0
970,466630132825088000,1,1204,1,528,1
971,466627328999972864,1,1205,1,529,1
972,466621130745585666,1,1206,1,530,1
973,466617933217927168,1,1207,1,531,1
974,466596178193555456,1,1208,1,1254,0
975,466536102572990464,1,1209,1,1255,0
976,466473341935960064,1,1210,1,532,1
977,466465333948465152,1,1211,1,1256,0
978,466428426686332929,1,1212,1,1257,0
979,466419031965446145,1,1213,1,533,1
980,466405318680133634,1,1215,1,1258,0
981,466402762985861122,1,1216,1,534,1
982,466400629079166977,1,1217,1,535,1
983,466399528401506307,1,1218,1,536,1
984,466398464696676353,1,1219,1,1259,0
985,466397642638249986,1,1220,1,537,1
986,466390611487358976,1,1224,1,538,1
987,466389702808190976,1,1225,1,1260,0
988,466386305119956992,1,1226,1,539,1
989,466376431334064129,1,1227,1,540,1
990,466374708393680896,1,1228,1,541,1
991,466370952520294400,1,1229,1,1261,0
992,466369430671618048,1,1230,1,1262,0
993,466362283384635393,1,1231,1,1263,0
994,466358435412738048,1,1232,1,542,1
995,466338496928808960,1,1234,1,543,1
996,466333148226547713,1,1235,1,544,1
997,466329752740323328,1,1236,1,545,1
998,466317690718912513,1,1238,1,546,1
999,466315779403943937,1,1239,1,1264,0
1000,466310215642923009,1,1241,1,547,1
1001,466307880048947200,1,1242,1,1265,0
1002,466300823568678913,1,1243,1,1266,0
1003,466298265705922561,1,1244,1,1267,0
1004,466281187561185283,1,1245,1,548,1
1005,466274839699812352,1,1246,1,1268,0
1006,466274646468603904,1,1247,1,1269,0
1007,466271680957267968,1,1248,1,1270,0
1008,466266397556101120,1,1249,1,1271,0
1009,466266397556101120,1,2341,0,1271,0
1010,466266397556101120,1,1249,1,1271,0
1011,466266397556101120,1,2341,0,1271,0
1012,466253120679714816,1,1251,1,549,1
1013,466196827097026560,1,1253,1,550,1
1014,466101467292901376,1,1254,1,1272,0
1015,466059882593275904,1,1257,1,1273,0
1016,466058993123594240,1,1259,1,1274,0
1017,466056666610290689,1,1261,1,1275,0
1018,466051778073473024,1,1262,1,1276,0
1019,466051778073473024,1,1263,1,1276,0
1020,466051778073473024,1,1262,1,1276,0
1021,466051778073473024,1,1263,1,1276,0
1022,466047500475203584,1,1264,1,551,1
1023,466044285310488576,1,1265,1,1277,0
1024,466044159443226625,1,1266,1,552,1
1025,466043208599085056,1,1267,1,1278,0
1026,466042176124624897,1,1268,1,553,1
1027,466033967901458432,1,1269,1,1279,0
1028,466028362948153345,1,1270,1,1280,0
1029,466024480720965633,1,1271,1,554,1
1030,465996399797350400,1,1273,1,555,1
1031,465991388321300480,1,1276,1,1281,0
1032,465988261442490368,1,1277,1,556,1
1033,465986929079885824,1,1278,1,557,1
1034,465979018769367040,1,1279,1,1282,0
1035,465978096156676096,1,1280,1,558,1
1036,465976174082928640,1,1281,1,1283,0
1037,465964996636467200,1,1283,1,1284,0
1038,465964014196232192,1,1284,1,559,1
1039,465962461829824512,1,1285,1,1285,0
1040,465962321249312768,1,1286,1,1286,0
1041,465960096749875200,1,1287,1,1287,0
1042,465938999043833857,1,1288,1,560,1
1043,465933504833130497,1,1289,1,1288,0
1044,465927348052049920,1,1291,1,1289,0
1045,465914588899598336,1,1292,1,1290,0
1046,465886375938899968,1,1294,1,1291,0
1047,465858754823876608,1,1296,1,1292,0
1048,465743829052952576,1,1299,1,1293,0
1049,465728460787552256,1,1301,1,561,1
1050,465677183839920128,1,1305,1,562,1
1051,465670808036462592,1,1308,1,1294,0
1052,465668328460386305,1,1309,1,563,1
1053,465658981646884864,1,1310,1,564,1
1054,465647420068884480,1,1311,1,1295,0
1055,465638255376228354,1,1313,1,565,1
1056,465637889075052544,1,1314,1,1296,0
1057,465630362279116800,1,1315,1,566,1
1058,465620706911617024,1,1316,1,567,1
1059,465618993400004608,1,1317,1,568,1
1060,465618127372713984,1,1318,1,1297,0
1061,465613729829511169,1,1319,1,569,1
1062,465585695512211456,1,1321,1,570,1
1063,465583974258339840,1,1322,1,571,1
1064,465582192421502977,1,1323,1,572,1
1065,465576815202148352,1,1324,1,573,1
1066,465575244481060864,1,1325,1,574,1
1067,465570747276984320,1,1326,1,575,1
1068,465569400889032706,1,1327,1,1298,0
1069,465549027036381185,1,1330,1,1299,0
1070,465539822837579776,1,1331,1,576,1
1071,465537782933622784,1,1332,1,577,1
1072,465531357536727040,1,1333,1,1300,0
1073,465521341853360128,1,1334,1,578,1
1074,465520520134660097,1,1335,1,579,1
1075,465517354194329601,1,1336,1,1301,0
1076,465516721546489857,1,1337,1,1302,0
1077,465516590688370688,1,1338,1,580,1
1078,465513215829360640,1,1339,1,1303,0
1079,465512122144010240,1,1340,1,1304,0
1080,465504268838264832,1,1342,1,1305,0
1081,465490766769684480,1,1345,1,1306,0
1082,465460371462324224,1,1346,1,1307,0
1083,465458355410960385,1,1347,1,581,1
1084,465404489810591744,1,1350,1,582,1
1085,465395482085171200,1,1351,1,583,1
1086,465387850003779585,1,1352,1,584,1
1087,465380650036756480,1,1353,1,1308,0
1088,465366080152961024,1,1355,1,585,1
1089,465354453017980928,1,1358,1,586,1
1090,465351207264219136,1,1360,1,1309,0
1091,465350475571658752,1,1361,1,587,1
1092,465346330165248000,1,1362,1,588,1
1093,465343719622049793,1,1363,1,589,1
1094,465341810546847744,1,1364,1,1310,0
1095,465339027559034880,1,1365,1,1311,0
1096,465338163637284864,1,1366,1,590,1
1097,465337222716461056,1,1367,1,1312,0
1098,465324118754492416,1,1368,1,1313,0
1099,465312812144021504,1,1369,1,1314,0
1100,465309056366682113,1,1370,1,1315,0
1101,465308235671826433,1,1371,1,591,1
1102,465300846750994433,1,1372,1,592,1
1103,465300620833202177,1,1373,1,1316,0
1104,465299076330713089,1,1375,1,1317,0
1105,465290598229233664,1,1378,1,593,1
1106,465288834494652416,1,1379,1,594,1
1107,465280538895745024,1,1380,1,595,1
1108,465271637969874944,1,1382,1,596,1
1109,465270622126604288,1,1383,1,597,1
1110,465269743021473792,1,1384,1,598,1
1111,465267658699833345,1,1385,1,599,1
1112,465266178534178816,1,1386,1,600,1
1113,465261681191706625,1,1387,1,1318,0
1114,465256527054790656,1,1388,1,601,1
1115,465242736388755457,1,1390,1,602,1
1116,465241254956396544,1,1391,1,603,1
1117,465239323873255424,1,1392,1,604,1
1118,465228348588064771,1,1393,1,1319,0
1119,465226047794196480,1,1394,1,605,1
1120,465225592598986753,1,1395,1,606,1
1121,465222616178245634,1,1396,1,607,1
1122,465212122599682048,1,1397,1,608,1
1123,465194431294242816,1,1398,1,1320,0
1124,465193338724167680,1,1399,1,609,1
1125,465190194598400000,1,1400,1,1321,0
1126,465186002685145088,1,1401,1,610,1
1127,465173877229117440,1,1402,1,611,1
1128,465167017885319169,1,1403,1,612,1
1129,465152455190532096,1,1404,1,613,1
1130,465126918615228417,1,1406,1,614,1
1131,465120036345380864,1,1407,1,1322,0
1132,465113726010400769,1,1409,1,1323,0
1133,465024967281631232,1,1412,1,615,1
1134,465017533394071552,1,1413,1,616,1
1135,465017400594014208,1,1414,1,617,1
1136,464997824082767872,1,1415,1,618,1
1137,464994404974219265,1,1416,1,1324,0
1138,464991459796856832,1,1417,1,619,1
1139,464990733070774272,1,1418,1,1325,0
1140,464990576811999232,1,1419,1,620,1
1141,464982159049367552,1,1421,1,621,1
1142,464976787857215488,1,1422,1,1326,0
1143,464968584964239360,1,1423,1,622,1
1144,464959770789961728,1,1426,1,1327,0
1145,464953680521740288,1,1428,1,623,1
1146,464947640502087680,1,1429,1,624,1
1147,464941042928988160,1,1430,1,625,1
1148,464940876687769600,1,1431,1,626,1
1149,464935696978157569,1,1432,1,627,1
1150,464918506618621952,1,1434,1,628,1
1151,464915758339072001,1,1435,1,629,1
1152,464909009221611520,1,1436,1,630,1
1153,464898225292705794,1,1439,1,1328,0
1154,464895155443879938,1,1440,1,631,1
1155,464892443775991808,1,1441,1,1329,0
1156,464884545465372672,1,1445,1,632,1
1157,464868382899445760,1,1446,1,1330,0
1158,464865950521909248,1,1447,1,1331,0
1159,464864010907971584,1,1448,1,633,1
1160,464852144554643456,1,1449,1,1332,0
1161,464836942467973120,1,1450,1,1333,0
1162,464833916491550722,1,1451,1,1334,0
1163,464831272091926530,1,1452,1,1335,0
1164,464824778789232640,1,1453,1,634,1
1165,464805775840641024,1,1455,1,635,1
1166,464795856445898752,1,1457,1,1336,0
1167,464778468593393666,1,1459,1,1337,0
1168,464755925048229890,1,1461,1,636,1
1169,464754699934371841,1,1462,1,1338,0
1170,464740579143069697,1,1463,1,1339,0
1171,464717700061614080,1,1464,1,637,1
1172,464648677337083904,1,1465,1,1340,0
1173,464626869653209088,1,1466,1,638,1
1174,464625867864670208,1,1467,1,639,1
1175,464620852508884992,1,1468,1,640,1
1176,464620802521174016,1,1469,1,641,1
1177,464616551656984578,1,1470,1,1341,0
1178,464616203651399680,1,1471,1,642,1
1179,464614418832437249,1,1472,1,1342,0
1180,464610643308711937,1,1473,1,643,1
1181,464610590607306754,1,1474,1,1343,0
1182,464608564112535553,1,1475,1,644,1
1183,464596491462803456,1,1477,1,1344,0
1184,464596124486344704,1,1478,1,1345,0
1185,464588798639484928,1,1479,1,1346,0
1186,464585830867431424,1,1481,1,645,1
1187,464568059039318016,1,1485,1,1347,0
1188,464567645095071744,1,1486,1,1348,0
1189,464567539696431105,1,1487,1,646,1
1190,464565753346527232,1,1488,1,1349,0
1191,464565543027363840,1,1489,1,1350,0
1192,464560478430453762,1,1490,1,1351,0
1193,464555713399119872,1,1491,1,647,1
1194,464550568321880064,1,1492,1,1352,0
1195,464546723218878464,1,1493,1,648,1
1196,464544247589638144,1,1494,1,649,1
1197,464541698295885825,1,1495,1,650,1
1198,464540111687155713,1,1496,1,651,1
1199,464536516916957185,1,1497,1,652,1
1200,464529261538574337,1,1499,1,653,1
1201,464519507931721728,1,1500,1,1353,0
1202,464514161847066624,1,1501,1,654,1
1203,464484164419350528,1,1504,1,655,1
1204,464478170629308418,1,1505,1,656,1
1205,464474309206233088,1,1506,1,1354,0
1206,464461431736635392,1,1509,1,1355,0
1207,464458465457762305,1,1510,1,657,1
1208,464454443627741185,1,1511,1,1356,0
1209,464444014176268288,1,1512,1,1357,0
1210,464438282496270336,1,1513,1,1358,0
1211,464432805649588225,1,1514,1,1359,0
1212,464416837111775232,1,1515,1,658,1
1213,464415382552719360,1,1516,1,1360,0
1214,464399510555201537,1,1518,1,1361,0
1215,464378694031515648,1,1519,1,1362,0
1216,464301519622635520,1,1520,1,659,1
1217,464300264543903744,1,1521,1,660,1
1218,464279217652629504,1,1523,1,1363,0
1219,464255104355688448,1,1524,1,1364,0
1220,464252141725822976,1,1526,1,1365,0
1221,464249163698696192,1,1528,1,1366,0
1222,464240486002094080,1,1529,1,661,1
1223,464236414864203776,1,1530,1,662,1
1224,464234789625925632,1,1531,1,1367,0
1225,464233745852428288,1,1532,1,663,1
1226,464229277710684160,1,1534,1,664,1
1227,464226298949566464,1,1535,1,665,1
1228,464225846757453824,1,1536,1,1368,0
1229,464222271360737280,1,1537,1,666,1
1230,464215193795702784,1,1538,1,667,1
1231,464215065475166208,1,1539,1,668,1
1232,464210439392755712,1,1540,1,669,1
1233,464210005890449409,1,1541,1,1369,0
1234,464203780209532928,1,1543,1,670,1
1235,464199930123665408,1,1545,1,671,1
1236,464194045825519616,1,1546,1,672,1
1237,464188626403065856,1,1547,1,673,1
1238,464181719751344129,1,1548,1,674,1
1239,464181046943444993,1,1549,1,675,1
1240,464179400200552448,1,1550,1,676,1
1241,464179274296340480,1,1551,1,1370,0
1242,464162494232424448,1,1552,1,677,1
1243,464159789468352512,1,1553,1,678,1
1244,464148677146447872,1,1554,1,679,1
1245,464118383294701569,1,1556,1,680,1
1246,464104727798480896,1,1557,1,681,1
1247,464093688121946112,1,1558,1,1371,0
1248,464055263809392641,1,1559,1,682,1
1249,464054686266314752,1,1560,1,683,1
1250,464044836119531521,1,1561,1,1372,0
1251,464038326840737794,1,1562,1,1373,0
1252,464027020045721602,1,1563,1,684,1
1253,463935897650860033,1,1565,1,1374,0
1254,463928977195679745,1,1566,1,685,1
1255,463863582229135361,1,1568,1,686,1
1256,463863357708042240,1,1569,1,687,1
1257,463857057062322176,1,1570,1,688,1
1258,463827030954356736,1,1571,1,689,1
1259,463823368207089664,1,1572,1,690,1
1260,463822553585180672,1,1573,1,691,1
1261,463811719861514240,1,1577,1,692,1
1262,463804853139959809,1,1578,1,693,1
1263,463796981748346880,1,1580,1,694,1
1264,463792301290958848,1,1581,1,695,1
1265,463788022484324352,1,1582,1,696,1
1266,463784216660959235,1,1583,1,697,1
1267,463761854591139840,1,1585,1,1375,0
1268,463740268047372288,1,1587,1,1376,0
1269,463735431784579072,1,1588,1,1377,0
1270,463734743054307328,1,1589,1,1378,0
1271,463717361355616256,1,1591,1,1379,0
1272,463711618065780736,1,1594,1,698,1
1273,463684688474038273,1,1595,1,1380,0
1274,463680136915984384,1,1596,1,699,1
1275,463625019378380800,1,1598,1,700,1
1276,463584633930911744,1,1599,1,1381,0
1277,463540761972068352,1,1600,1,1382,0
1278,463533874279350272,1,1601,1,701,1
1279,463514712097837056,1,1602,1,1383,0
1280,463511390125584384,1,1603,1,1384,0
1281,463506396873777152,1,1604,1,702,1
1282,463500665164419072,1,1605,1,1385,0
1283,463496409254469633,1,1606,1,703,1
1284,463487117583085568,1,1608,1,704,1
1285,463467605417005056,1,1609,1,705,1
1286,463464222437826561,1,1610,1,706,1
1287,463462411526504449,1,1611,1,1386,0
1288,463454561043513344,1,1612,1,707,1
1289,463449137858371584,1,1613,1,708,1
1290,463444413390540800,1,1614,1,709,1
1291,463441969554153472,1,1615,1,710,1
1292,463427936520249344,1,1617,1,711,1
1293,463425314274955264,1,1618,1,712,1
1294,463406140051558400,1,1619,1,1387,0
1295,463398282606411776,1,1620,1,1388,0
1296,463396310897655809,1,1621,1,1389,0
1297,463384975988260864,1,1622,1,713,1
1298,463325047382212608,1,1624,1,1390,0
1299,463256943289581568,1,1627,1,714,1
1300,463252568840220674,1,1628,1,715,1
1301,463151646181048321,1,1630,1,1391,0
1302,463137075047706625,1,1631,1,716,1
1303,463130094564020224,1,1632,1,717,1
1304,463126501022392320,1,1633,1,718,1
1305,463126261465088001,1,1634,1,719,1
1306,463110582565355520,1,1635,1,720,1
1307,463108577918738432,1,1636,1,1392,0
1308,463105267845316608,1,1637,1,721,1
1309,463101553604583424,1,1638,1,722,1
1310,463099825207406592,1,1639,1,723,1
1311,463098638756220928,1,1640,1,724,1
1312,463096648793882624,1,1641,1,725,1
1313,463094104961073152,1,1642,1,726,1
1314,463083067268427777,1,1644,1,1393,0
1315,463079209405923328,1,1645,1,1394,0
1316,463058500890161152,1,1648,1,727,1
1317,463049012283965441,1,1649,1,728,1
1318,463042140432789504,1,1650,1,1395,0
1319,463042084304588802,1,1651,1,1396,0
1320,463030309190402049,1,1652,1,729,1
1321,463027053759954945,1,1654,1,1397,0
1322,463023260461178881,1,1655,1,730,1
1323,463012191122096130,1,1658,1,1398,0
1324,463007952841211904,1,1660,1,1399,0
1325,463001270853582848,1,1661,1,731,1
1326,463000189557407745,1,1662,1,1400,0
1327,462983043268235264,1,1663,1,1401,0
1328,462977244420657153,1,1664,1,1402,0
1329,462972795216220160,1,1666,1,732,1
1330,462958948187127808,1,1668,1,1403,0
1331,462947005179121664,1,1669,1,733,1
1332,462938548245897217,1,1671,1,1404,0
1333,462851276624388096,1,1673,1,734,1
1334,462847681174704128,1,1674,1,735,1
1335,462843229608898560,1,1675,1,1405,0
1336,462843146104496129,1,1676,1,736,1
1337,462835824179302400,1,1677,1,1406,0
1338,462835667941089280,1,1678,1,1407,0
1339,462835022731681792,1,1679,1,1408,0
1340,462832967191375872,1,1680,1,737,1
1341,462827132218257408,1,1681,1,738,1
1342,462824389956751360,1,1682,1,1409,0
1343,462824149887774720,1,1683,1,739,1
1344,462814145889701889,1,1684,1,1410,0
1345,462811439468924929,1,1685,1,1411,0
1346,462802816596467712,1,1688,1,740,1
1347,462802546453516289,1,1689,1,741,1
1348,462799173277192194,1,1691,1,742,1
1349,462798755847499776,1,1693,1,743,1
1350,462798113607266304,1,1694,1,1412,0
1351,462791903906639872,1,1696,1,744,1
1352,462786431736614912,1,1697,1,745,1
1353,462785393730277376,1,1698,1,746,1
1354,462781614607446016,1,1699,1,747,1
1355,462781340522647553,1,1700,1,1413,0
1356,462779128144732160,1,1701,1,748,1
1357,462775472536186880,1,1702,1,749,1
1358,462774508932591616,1,1703,1,750,1
1359,462773762614910976,1,1704,1,751,1
1360,462770628685471744,1,1705,1,752,1
1361,462769456222322689,1,1706,1,753,1
1362,462769385128857600,1,1707,1,754,1
1363,462754326117892096,1,1710,1,1414,0
1364,462749391334682625,1,1712,1,755,1
1365,462744662973755392,1,1713,1,1415,0
1366,462740671330136065,1,1714,1,756,1
1367,462740643194748928,1,1715,1,757,1
1368,462740211386966016,1,1716,1,758,1
1369,462717493660749826,1,1719,1,1416,0
1370,462713711111569408,1,1720,1,1417,0
1371,462713638675963905,1,1721,1,759,1
1372,462707068831805440,1,1722,1,760,1
1373,462702981591597056,1,1723,1,761,1
1374,462702664263143424,1,1724,1,1418,0
1375,462699445029961728,1,1725,1,762,1
1376,462693706903351296,1,1728,1,763,1
1377,462693494927409152,1,1729,1,764,1
1378,462685068776202241,1,1730,1,765,1
1379,462676090881060866,1,1731,1,766,1
1380,462666020336173056,1,1732,1,767,1
1381,462664374445150208,1,1733,1,768,1
1382,462657302643105793,1,1735,1,769,1
1383,462647873176621056,1,1736,1,1419,0
1384,462646602164084736,1,1738,1,770,1
1385,462644706649055232,1,1739,1,1420,0
1386,462636969638375425,1,1740,1,1421,0
1387,462628386523713537,1,1742,1,1422,0
1388,462619015064854528,1,1744,1,771,1
1389,462601970495520769,1,1746,1,1423,0
1390,462596958084149250,1,1748,1,772,1
1391,462586795402993664,1,1751,1,773,1
1392,462584296864509952,1,1752,1,1424,0
1393,462580969866665985,1,1753,1,774,1
1394,462507145721036800,1,1755,1,775,1
1395,462485319346946048,1,1756,1,776,1
1396,462477498920730624,1,1759,1,777,1
1397,462474650229166080,1,1760,1,1425,0
1398,462470507422420992,1,1761,1,1426,0
1399,462468459377332224,1,1763,1,778,1
1400,462463788873428992,1,1766,1,779,1
1401,462460276189573121,1,1767,1,780,1
1402,462460249501609984,1,1768,1,781,1
1403,462454590328541184,1,1770,1,782,1
1404,462447101218025472,1,1772,1,1427,0
1405,462442278997741569,1,1774,1,783,1
1406,462441525847543808,1,1775,1,1428,0
1407,462438007489187840,1,1778,1,784,1
1408,462434863266930689,1,1779,1,785,1
1409,462423505179398147,1,1781,1,786,1
1410,462423148982321152,1,1782,1,1429,0
1411,462420232468832256,1,1785,1,787,1
1412,462416792544358400,1,1786,1,1430,0
1413,462415120551776256,1,1787,1,788,1
1414,462413842824577024,1,1788,1,1431,0
1415,462407736459026432,1,1789,1,789,1
1416,462407705257574400,1,1790,1,790,1
1417,462401203754651648,1,1791,1,791,1
1418,462399512057610241,1,1792,1,1432,0
1419,462394730790141953,1,1794,1,1433,0
1420,462392371721023488,1,1795,1,792,1
1421,462390431989641216,1,1796,1,793,1
1422,462386358372167680,1,1797,1,794,1
1423,462384355378491392,1,1798,1,795,1
1424,462382072598761472,1,1799,1,796,1
1425,462381391603175425,1,1800,1,797,1
1426,462377275221360640,1,1801,1,1434,0
1427,462373388607303681,1,1803,1,798,1
1428,462366271938768896,1,1806,1,1435,0
1429,462363725006397440,1,1808,1,799,1
1430,462361676919353344,1,1809,1,800,1
1431,462361372181794816,1,1811,1,1436,0
1432,462361350053048320,1,1812,1,1437,0
1433,462351420675862528,1,1815,1,801,1
1434,462351360705716225,1,1816,1,802,1
1435,462345659140800513,1,1818,1,803,1
1436,462345588533915648,1,1819,1,1438,0
1437,462337868124655616,1,1820,1,804,1
1438,462337254007275521,1,1821,1,805,1
1439,462322534742904832,1,1822,1,1439,0
1440,462320242958815232,1,1823,1,806,1
1441,462320048863182848,1,1824,1,1440,0
1442,462318192837541889,1,1825,1,807,1
1443,462315904945360898,1,1826,1,1441,0
1444,462315605094592513,1,1827,1,1442,0
1445,462307138304765953,1,1828,1,808,1
1446,462305284997013504,1,1829,1,1443,0
1447,462278480550707200,1,1831,1,1444,0
1448,462277728444502016,1,1832,1,1445,0
1449,462252360874885120,1,1833,1,809,1
1450,462246834698596352,1,1834,1,1446,0
1451,462246300109393921,1,1835,1,810,1
1452,462237873807187969,1,1836,1,1447,0
1453,462233653305937920,1,1837,1,811,1
1454,462232647386013697,1,1838,1,812,1
1455,462225090428829696,1,1839,1,1448,0
1456,462116526938947584,1,1841,1,1449,0
1457,462093892482265089,1,1843,1,813,1
1458,462088462837882880,1,1844,1,1450,0
1459,462087240928493568,1,1845,1,814,1
1460,462070875928682496,1,1848,1,1451,0
1461,462070796655935488,1,1849,1,1452,0
1462,462068133575262208,1,1850,1,1453,0
1463,462067495679963136,1,1851,1,815,1
1464,462052486921330688,1,1853,1,1454,0
1465,462046946367381504,1,1854,1,1455,0
1466,462044183390601216,1,1855,1,816,1
1467,462040360408350720,1,1857,1,817,1
1468,462028398886670336,1,1858,1,1456,0
1469,462026639149658112,1,1859,1,818,1
1470,462016988165206016,1,1862,1,819,1
1471,462016584072982528,1,1863,1,1457,0
1472,462015870257344512,1,1864,1,1458,0
1473,462013869414973442,1,1865,1,1459,0
1474,462009586674044928,1,1866,1,1460,0
1475,462009187862458368,1,1867,1,820,1
1476,462009114361876480,1,1868,1,821,1
1477,461998743521611776,1,1869,1,1461,0
1478,461992321316556801,1,1870,1,822,1
1479,461980032051982336,1,1871,1,823,1
1480,461960398464643072,1,1872,1,824,1
1481,461960149939539969,1,1873,1,825,1
1482,461958011032854528,1,1874,1,1462,0
1483,461957803708387328,1,1875,1,1463,0
1484,461949937136451584,1,1876,1,1464,0
1485,461901881220952065,1,1878,1,1465,0
1486,461901365300969472,1,1879,1,1466,0
1487,461896882336194560,1,1880,1,1467,0
1488,461890090021564416,1,1881,1,826,1
1489,461887950528454656,1,1882,1,1468,0
1490,461870108768354306,1,1885,1,1469,0
1491,461861396255637504,1,1886,1,1470,0
1492,461856095020257280,1,1887,1,827,1
1493,461853618589954048,1,1888,1,828,1
1494,461750895156293632,1,1891,1,829,1
1495,461748305840844801,1,1892,1,1471,0
1496,461739778010906624,1,1893,1,1472,0
1497,461733419014422528,1,1895,1,830,1
1498,461730055241351168,1,1897,1,1473,0
1499,472855286156640256,1,1898,1,1474,0
1500,472254464074981376,1,1904,1,839,1
1501,471884265878077441,1,1908,1,1479,0
1502,471563193639514112,1,1910,1,843,1
1503,471444927583629313,1,1912,1,844,1
1504,471096668105211905,1,1915,1,846,1
1505,470771987405877248,1,1921,1,851,1
1506,470740388148678656,1,1923,1,1489,0
1507,470682265593196545,1,1925,1,852,1
1508,470188440303460352,1,1927,1,858,1
1509,468900547027013632,1,1943,1,868,1
1510,467831338486468609,1,1947,1,870,1
1511,467744974579433472,1,1953,1,873,1
1512,467479178171146240,1,1956,1,876,1
1513,467162746816315392,1,1958,1,1524,0
1514,466984906082357248,1,1961,1,879,1
1515,466019889619427329,1,1975,1,888,1
1516,465799052169576448,1,1977,1,1533,0
1517,465557949331800064,1,1981,1,1536,0
1518,465347808917086210,1,1982,1,892,1
1519,465307966242299904,1,1985,1,895,1
1520,465303567893794816,1,1986,1,1539,0
1521,465241879416946688,1,1987,1,897,1
1522,464890321131024384,1,1991,1,901,1
1523,464858162529837056,1,1993,1,1546,0
1524,464797452768673792,1,1994,1,902,1
1525,464419616136372224,1,1998,1,904,1
1526,464039172215296001,1,2002,1,1551,0
1527,463808667024777216,1,2003,1,908,1
1528,463502871498326016,1,2008,1,909,1
1529,463462188670550016,1,2010,1,911,1
1530,463092678901919744,1,2013,1,913,1
1531,463046167551807489,1,2014,1,1559,0
1532,463028542616662017,1,2016,1,1560,0
1533,462951711053586432,1,2018,1,1563,0
1534,462821676825456640,1,2019,1,915,1
1535,462789361914769408,1,2020,1,916,1
1536,462749868747128832,1,2021,1,917,1
1537,462680232894664704,1,2026,1,920,1
1538,462623201861066752,1,2027,1,1568,0
1539,462444050931404801,1,2029,1,924,1
1540,462414051738681344,1,2030,1,925,1
