,Unnamed: 0,id,Q3
0,0,471462539097042944,1
1,1,470800278992998400,1
2,2,469632884236906496,1
3,3,467731695018721280,1
4,4,464986155109580800,1
5,5,462797726942765056,1
6,6,462639568404373505,1
7,7,462451404771438592,1
8,8,469945926522785792,1
9,9,472922987587731456,1
10,10,472915116724207616,1
11,11,472857035173011458,1
12,12,472845980845740032,1
13,13,472845681905115137,1
14,14,472800208292552705,1
15,15,472795930643931136,1
16,16,472578899738894336,1
17,17,472571327665434624,1
18,18,472552015344959488,1
19,19,472518499785773056,1
20,20,472516931593834496,1
21,21,472258571359768576,1
22,22,472186121930412032,1
23,23,472181243128582144,1
24,24,472146258283737088,1
25,25,471870569433268224,1
26,26,471837692121317376,1
27,27,471801578136272896,1
28,28,471799767518150657,1
29,29,471533880542257152,1
30,30,471424776373030912,1
31,31,471118352187162624,1
32,32,471095997394071552,1
33,33,471052614226812928,1
34,34,471018151556444160,1
35,35,471016961514536960,1
36,36,471008386792693760,1
37,37,470745900890222592,1
38,38,470683919445426176,1
39,39,470581689769791488,1
40,40,470409074589589504,1
41,41,470375766946226176,1
42,42,470367287568916480,1
43,43,470345533106954242,1
44,44,470304276829720576,1
45,45,470273606308462592,1
46,46,470265628721704962,1
47,47,470026157396869121,1
48,48,470008598852947969,1
49,49,469992801745518592,1
50,50,469983234130849792,1
51,51,469680949295591425,1
52,52,469584301974364161,1
53,53,469295792251883521,1
54,54,469277897468153856,1
55,55,468988689184739328,1
56,56,468907540831825920,1
57,57,468894989909774336,1
58,58,468883342616981507,1
59,59,468594234837467136,1
60,60,468241805436530688,1
61,61,468224869566783488,1
62,62,467857960799318016,1
63,63,467840382081200128,1
64,64,467830870804811776,1
65,65,467824519223476224,1
66,66,467822518230073344,1
67,67,467784827543257088,1
68,68,467660563569340416,1
69,69,467643371666698240,1
70,70,467497516368265217,1
71,71,467427878318395392,1
72,72,467097757334126592,1
73,73,467094972421120000,1
74,74,466805373706719233,1
75,75,466804536330690560,1
76,76,466746643866714112,1
77,77,466478623701344256,1
78,78,466413431101616128,1
79,79,466400952787161088,1
80,80,466341098278117376,1
81,81,466067145861124096,1
82,82,465968683660365824,1
83,83,465660196036296704,1
84,84,465615191380856833,1
85,85,465573974600990720,1
86,86,465508523313729536,1
87,87,465361289410523136,1
88,88,465332761977683968,1
89,89,465324549874405376,1
90,90,465312146944180226,1
91,91,465246344786214913,1
92,92,465220842058964992,1
93,93,465201581743693824,1
94,94,465181118187048961,1
95,95,464974284377436160,1
96,96,464920389626646528,1
97,97,464553997081526272,1
98,98,464255193627254784,1
99,99,464224947221843968,1
100,100,464155603485462529,1
101,101,464138490784280576,1
102,102,463853362761322496,1
103,103,463842022785175552,1
104,104,463838368673984512,1
105,105,463826933742960640,1
106,106,463825014681120769,1
107,107,463802899760295936,1
108,108,463721508058460161,1
109,109,463510565676384256,1
110,110,463472010262097920,1
111,111,463459732398018560,1
112,112,463357221053956096,1
113,113,463334491806003200,1
114,114,463332991675023362,1
115,115,463192447422849025,1
116,116,463108625859629056,1
117,117,463071515463135233,1
118,118,462813353346613248,1
119,119,462786950663905280,1
120,120,462764754483023872,1
121,121,462755601123377152,1
122,122,462751794456961024,1
123,123,462749056486621184,1
124,124,462711818000297985,1
125,125,462701060650717184,1
126,126,462670545872777216,1
127,127,462466171024191488,1
128,128,462463385914077184,1
129,129,462441941981200384,1
130,130,462406990971801601,1
131,131,462393244106514433,1
132,132,462368633839054848,1
133,133,462349867226910720,1
134,134,462047890534567936,1
135,135,461928306238308352,1
136,136,461721857247694848,1
137,137,470582391392976896,1
138,138,469356238502121472,1
139,139,469277856422715392,1
140,140,467825762721341440,1
141,141,463432039329697792,1
142,142,472926849413427200,1
143,143,472919560421933056,1
144,144,472916323702685697,1
145,145,472907151611265024,1
146,146,472902428300705792,1
147,147,472896726366715905,1
148,148,472892588169891842,1
149,149,472889956101529601,1
150,150,472868411891273728,1
151,151,472865074273861632,1
152,152,472853372840992768,1
153,153,472849247306391552,1
154,154,472844792825909248,1
155,155,472844136408969216,1
156,156,472823770131210240,1
157,157,472809409731895296,1
158,158,472806884383408129,1
159,159,472803541007216640,1
160,160,472791032313434112,1
161,161,472781892446846976,1
162,162,472771498579865600,1
163,163,472766886396977152,1
164,164,472766181015695360,1
165,165,472742337828110336,1
166,166,472718613141782528,1
167,167,472616405620117504,1
168,168,472613479099404288,1
169,169,472608771618136064,1
170,170,472595010068946944,1
171,171,472594608082681856,1
172,172,472586852537741312,1
173,173,472578687012196352,1
174,174,472574779120418816,1
175,175,472573392629944320,1
176,176,472563806938619904,1
177,177,472562766113677312,1
178,178,472559575049461760,1
179,179,472548426694266880,1
180,180,472540426420101120,1
181,181,472535848320532480,1
182,182,472535573513895936,1
183,183,472531077580738560,1
184,184,472524290223800320,1
185,185,472520763451650049,1
186,186,472517059247874049,1
187,187,472512232539324417,1
188,188,472511008058003456,1
189,189,472510042764500992,1
190,190,472503490410213376,1
191,191,472497598897856512,1
192,192,472496238492135425,1
193,193,472495543311409152,1
194,194,472476376239702016,1
195,195,472460620995248128,1
196,196,472396811744051200,1
197,197,472290625275322368,1
198,198,472224229619154944,1
199,199,472223295639924736,1
200,200,472219165202599937,1
201,201,472198999731351552,1
202,202,472184747406688256,1
203,203,472174406278868992,1
204,204,472172765106417664,1
205,205,472162210614362112,1
206,206,472143258165215233,1
207,207,472126982084636674,1
208,208,472094683418882048,1
209,209,472064748906110976,1
210,210,472052670761824257,1
211,211,472037010408894465,1
212,212,471871090978217985,1
213,213,471830152130072576,1
214,214,471820952830242816,1
215,215,471819826873511937,1
216,216,471814351796858880,1
217,217,471808050215399424,1
218,218,471792321013776384,1
219,219,471759427360813056,1
220,220,471744207649247232,1
221,221,471705392205271040,1
222,222,471533266189959168,1
223,223,471505729749532672,1
224,224,471494226795319296,1
225,225,471490647182946304,1
226,226,471489507590959104,1
227,227,471483446125023232,1
228,228,471482297389027329,1
229,229,471457111281389568,1
230,230,471431499133501440,1
231,231,471420888550608896,1
232,232,471391674992979968,1
233,233,471369171725742080,1
234,234,471346827720421376,1
235,235,471345969628741632,1
236,236,471338667160911872,1
237,237,471312811931754498,1
238,238,471280957966675968,1
239,239,471171921686843392,1
240,240,471171409453252608,1
241,241,471149195433639936,1
242,242,471142528209936385,1
243,243,471127602741407744,1
244,244,471122324331433984,1
245,245,471115784866263041,1
246,246,471105106222395392,1
247,247,471099557347328000,1
248,248,471097360949714944,1
249,249,471094396939542528,1
250,250,471091545832431616,1
251,251,471080533024595969,1
252,252,471076000584204288,1
253,253,471061011881922560,1
254,254,471059215810039808,1
255,255,471050487307841536,1
256,256,471049692051435520,1
257,257,471047158477512704,1
258,258,471040279936790528,1
259,259,471031514013392897,1
260,260,471013690477936640,1
261,261,471011314241118208,1
262,262,471005020184653824,1
263,263,470982090457374720,1
264,264,470981770704211968,1
265,265,470979500453666816,1
266,266,470977267909554176,1
267,267,470970911710277633,1
268,268,470964938429984768,1
269,269,470960003109912576,1
270,270,470953330978865152,1
271,271,470830017006809088,1
272,272,470811403830317058,1
273,273,470803161989783552,1
274,274,470795755960430592,1
275,275,470779615095844864,1
276,276,470758193346658304,1
277,277,470756253195833344,1
278,278,470754629308153856,1
279,279,470750511642447872,1
280,280,470741965588688896,1
281,281,470736643641851906,1
282,282,470731829428101120,1
283,283,470721843109040129,1
284,284,470713326226251777,1
285,285,470704685972983808,1
286,286,470704405382049792,1
287,287,470704155544547328,1
288,288,470701688479678464,1
289,289,470701675314163713,1
290,290,470700999783751680,1
291,291,470682768696152064,1
292,292,470677166901178368,1
293,293,470662063682236417,1
294,294,470654437417947137,1
295,295,470654351128924163,1
296,296,470633371581046787,1
297,297,470631360575459328,1
298,298,470605596744368128,1
299,299,470595189757984768,1
300,300,470584897447682048,1
301,301,470516406522765312,1
302,302,470462749747974144,1
303,303,470416519222919169,1
304,304,470413486489866240,1
305,305,470409247004844032,1
306,306,470408778979246080,1
307,307,470396586208813057,1
308,308,470392879240994816,1
309,309,470392353669533696,1
310,310,470391548086329344,1
311,311,470389841083920384,1
312,312,470375131932811264,1
313,313,470363746490396672,1
314,314,470360442460966913,1
315,315,470358736088088576,1
316,316,470353913011380224,1
317,317,470353047626207232,1
318,318,470352378227863552,1
319,319,470346966539313153,1
320,320,470333708310814720,1
321,321,470329848259293184,1
322,322,470315786108555264,1
323,323,470312082395508736,1
324,324,470308417475997697,1
325,325,470306885204455425,1
326,326,470302391460696064,1
327,327,470301742702530561,1
328,328,470297886157471744,1
329,329,470289111241457664,1
330,330,470279291318841344,1
331,331,470279149119340544,1
332,332,470266703318749184,1
333,333,470265295593275393,1
334,334,470257475674193921,1
335,335,470252096080863232,1
336,336,470240374536306688,1
337,337,470225721131274240,1
338,338,470220802810732545,1
339,339,470191902139383809,1
340,340,470147538822377473,1
341,341,470078367359045632,1
342,342,470068383619506176,1
343,343,470067998821449728,1
344,344,470056208175742976,1
345,345,470053784778186752,1
346,346,470042559666876417,1
347,347,470040276824637440,1
348,348,470038993942642688,1
349,349,470034983613370368,1
350,350,470029895398359041,1
351,351,470023901205237761,1
352,352,470023864526065664,1
353,353,470023166203789314,1
354,354,470020089958653952,1
355,355,470001927388819457,1
356,356,470001551638294528,1
357,357,470000065378263040,1
358,358,469999588737572864,1
359,359,469995324946526208,1
360,360,469989014884204544,1
361,361,469985364958920705,1
362,362,469984531320434688,1
363,363,469946033322348544,1
364,364,469913080642957313,1
365,365,469766323971821568,1
366,366,469752658786807808,1
367,367,469699604821577728,1
368,368,469695184817893376,1
369,369,469644375686131712,1
370,370,469629124022398977,1
371,371,469629111237754883,1
372,372,469618959197958145,1
373,373,469616640900861952,1
374,374,469587861504032769,1
375,375,469586680664850433,1
376,376,469580354492575744,1
377,377,469560017684017152,1
378,378,469554135101366273,1
379,379,469343145021300736,1
380,380,469323518824710144,1
381,381,469314790188679168,1
382,382,469308353441959936,1
383,383,469305429760421888,1
384,384,469303314161885185,1
385,385,469295428249591808,1
386,386,469283218969993216,1
387,387,469275375022141440,1
388,388,469225207581122561,1
389,389,469185314716921856,1
390,390,468998367259803649,1
391,391,468989387527557120,1
392,392,468971951089004545,1
393,393,468952670964051968,1
394,394,468923729758920706,1
395,395,468919984480354304,1
396,396,468918957924442114,1
397,397,468913287284154369,1
398,398,468907969804259328,1
399,399,468901964450123776,1
400,400,468896438685290496,1
401,401,468896346653876224,1
402,402,468893304437100545,1
403,403,468888762437873664,1
404,404,468867377808281601,1
405,405,468866459599667200,1
406,406,468840614969085953,1
407,407,468752250329104384,1
408,408,468725979666337792,1
409,409,468617220361580545,1
410,410,468606874083139584,1
411,411,468603045119787008,1
412,412,468576291072245760,1
413,413,468545411490529280,1
414,414,468541956856221696,1
415,415,468534711682605056,1
416,416,468534336137199616,1
417,417,468527569009393664,1
418,418,468514707000000512,1
419,419,468442243515162625,1
420,420,468423309450051584,1
421,421,468415346211565568,1
422,422,468272803771588608,1
423,423,468236649013706752,1
424,424,468209947424333824,1
425,425,468196253080100864,1
426,426,468191408697139200,1
427,427,468173699490009088,1
428,428,468163034280902656,1
429,429,468124042273509376,1
430,430,468118993363279872,1
431,431,468110606000615424,1
432,432,468108280275808257,1
433,433,468105919721910272,1
434,434,468102171938930689,1
435,435,468095314050572288,1
436,436,468089944175828992,1
437,437,468086825152954368,1
438,438,467929166181335040,1
439,439,467902570741002240,1
440,440,467893416572231680,1
441,441,467886926918598656,1
442,442,467886388621627392,1
443,443,467877816668024833,1
444,444,467872659221786624,1
445,445,467870962332237824,1
446,446,467856937603055617,1
447,447,467835133093896192,1
448,448,467834254165286912,1
449,449,467834141946699776,1
450,450,467833294294634497,1
451,451,467826721191104513,1
452,452,467779015793991681,1
453,453,467776428193619968,1
454,454,467774645786382336,1
455,455,467767515624390656,1
456,456,467761957215682560,1
457,457,467739816063287297,1
458,458,467715358539800576,1
459,459,467701662074044416,1
460,460,467655993162076160,1
461,461,467642508756127744,1
462,462,467566835747926017,1
463,463,467545241218596864,1
464,464,467541388800696320,1
465,465,467541246232506368,1
466,466,467538844154626048,1
467,467,467534318005649408,1
468,468,467532542804234240,1
469,469,467511082954027009,1
470,470,467510939269734400,1
471,471,467495808364216320,1
472,472,467492725168689152,1
473,473,467488565493235712,1
474,474,467483284847747072,1
475,475,467483063254269954,1
476,476,467478623004663808,1
477,477,467472841651544064,1
478,478,467469732552409088,1
479,479,467435495170277376,1
480,480,467415741831348224,1
481,481,467399867841937408,1
482,482,467370966612705282,1
483,483,467350352849678337,1
484,484,467338997334040576,1
485,485,467333774439497728,1
486,486,467316488039563266,1
487,487,467193454364471296,1
488,488,467183398419963904,1
489,489,467175593872982016,1
490,490,467165430101336064,1
491,491,467150360101261312,1
492,492,467139338141048834,1
493,493,467131822078693376,1
494,494,467125174329176064,1
495,495,467117191331315713,1
496,496,467110849610792960,1
497,497,467103812084584448,1
498,498,467093166907486208,1
499,499,467081909697511424,1
500,500,467080643466493952,1
501,501,467074144551845888,1
502,502,467070151574056960,1
503,503,467065541950062592,1
504,504,467058687883104256,1
505,505,467025901776293889,1
506,506,467013976656998400,1
507,507,467012248159133696,1
508,508,467001281228603392,1
509,509,466980302221758465,1
510,510,466961806637137920,1
511,511,466956517204557824,1
512,512,466944896591740928,1
513,513,466937564688306176,1
514,514,466934829510959104,1
515,515,466837522489040896,1
516,516,466834343038820352,1
517,517,466772672765231104,1
518,518,466766592672825344,1
519,519,466749779910066176,1
520,520,466743007388377088,1
521,521,466740564411830272,1
522,522,466716765880213504,1
523,523,466705785163370497,1
524,524,466704388288176128,1
525,525,466700915190550528,1
526,526,466700719740170240,1
527,527,466653660286820352,1
528,528,466630132825088000,1
529,529,466627328999972864,1
530,530,466621130745585666,1
531,531,466617933217927168,1
532,532,466473341935960064,1
533,533,466419031965446145,1
534,534,466402762985861122,1
535,535,466400629079166977,1
536,536,466399528401506307,1
537,537,466397642638249986,1
538,538,466390611487358976,1
539,539,466386305119956992,1
540,540,466376431334064129,1
541,541,466374708393680896,1
542,542,466358435412738048,1
543,543,466338496928808960,1
544,544,466333148226547713,1
545,545,466329752740323328,1
546,546,466317690718912513,1
547,547,466310215642923009,1
548,548,466281187561185283,1
549,549,466253120679714816,1
550,550,466196827097026560,1
551,551,466047500475203584,1
552,552,466044159443226625,1
553,553,466042176124624897,1
554,554,466024480720965633,1
555,555,465996399797350400,1
556,556,465988261442490368,1
557,557,465986929079885824,1
558,558,465978096156676096,1
559,559,465964014196232192,1
560,560,465938999043833857,1
561,561,465728460787552256,1
562,562,465677183839920128,1
563,563,465668328460386305,1
564,564,465658981646884864,1
565,565,465638255376228354,1
566,566,465630362279116800,1
567,567,465620706911617024,1
568,568,465618993400004608,1
569,569,465613729829511169,1
570,570,465585695512211456,1
571,571,465583974258339840,1
572,572,465582192421502977,1
573,573,465576815202148352,1
574,574,465575244481060864,1
575,575,465570747276984320,1
576,576,465539822837579776,1
577,577,465537782933622784,1
578,578,465521341853360128,1
579,579,465520520134660097,1
580,580,465516590688370688,1
581,581,465458355410960385,1
582,582,465404489810591744,1
583,583,465395482085171200,1
584,584,465387850003779585,1
585,585,465366080152961024,1
586,586,465354453017980928,1
587,587,465350475571658752,1
588,588,465346330165248000,1
589,589,465343719622049793,1
590,590,465338163637284864,1
591,591,465308235671826433,1
592,592,465300846750994433,1
593,593,465290598229233664,1
594,594,465288834494652416,1
595,595,465280538895745024,1
596,596,465271637969874944,1
597,597,465270622126604288,1
598,598,465269743021473792,1
599,599,465267658699833345,1
600,600,465266178534178816,1
601,601,465256527054790656,1
602,602,465242736388755457,1
603,603,465241254956396544,1
604,604,465239323873255424,1
605,605,465226047794196480,1
606,606,465225592598986753,1
607,607,465222616178245634,1
608,608,465212122599682048,1
609,609,465193338724167680,1
610,610,465186002685145088,1
611,611,465173877229117440,1
612,612,465167017885319169,1
613,613,465152455190532096,1
614,614,465126918615228417,1
615,615,465024967281631232,1
616,616,465017533394071552,1
617,617,465017400594014208,1
618,618,464997824082767872,1
619,619,464991459796856832,1
620,620,464990576811999232,1
621,621,464982159049367552,1
622,622,464968584964239360,1
623,623,464953680521740288,1
624,624,464947640502087680,1
625,625,464941042928988160,1
626,626,464940876687769600,1
627,627,464935696978157569,1
628,628,464918506618621952,1
629,629,464915758339072001,1
630,630,464909009221611520,1
631,631,464895155443879938,1
632,632,464884545465372672,1
633,633,464864010907971584,1
634,634,464824778789232640,1
635,635,464805775840641024,1
636,636,464755925048229890,1
637,637,464717700061614080,1
638,638,464626869653209088,1
639,639,464625867864670208,1
640,640,464620852508884992,1
641,641,464620802521174016,1
642,642,464616203651399680,1
643,643,464610643308711937,1
644,644,464608564112535553,1
645,645,464585830867431424,1
646,646,464567539696431105,1
647,647,464555713399119872,1
648,648,464546723218878464,1
649,649,464544247589638144,1
650,650,464541698295885825,1
651,651,464540111687155713,1
652,652,464536516916957185,1
653,653,464529261538574337,1
654,654,464514161847066624,1
655,655,464484164419350528,1
656,656,464478170629308418,1
657,657,464458465457762305,1
658,658,464416837111775232,1
659,659,464301519622635520,1
660,660,464300264543903744,1
661,661,464240486002094080,1
662,662,464236414864203776,1
663,663,464233745852428288,1
664,664,464229277710684160,1
665,665,464226298949566464,1
666,666,464222271360737280,1
667,667,464215193795702784,1
668,668,464215065475166208,1
669,669,464210439392755712,1
670,670,464203780209532928,1
671,671,464199930123665408,1
672,672,464194045825519616,1
673,673,464188626403065856,1
674,674,464181719751344129,1
675,675,464181046943444993,1
676,676,464179400200552448,1
677,677,464162494232424448,1
678,678,464159789468352512,1
679,679,464148677146447872,1
680,680,464118383294701569,1
681,681,464104727798480896,1
682,682,464055263809392641,1
683,683,464054686266314752,1
684,684,464027020045721602,1
685,685,463928977195679745,1
686,686,463863582229135361,1
687,687,463863357708042240,1
688,688,463857057062322176,1
689,689,463827030954356736,1
690,690,463823368207089664,1
691,691,463822553585180672,1
692,692,463811719861514240,1
693,693,463804853139959809,1
694,694,463796981748346880,1
695,695,463792301290958848,1
696,696,463788022484324352,1
697,697,463784216660959235,1
698,698,463711618065780736,1
699,699,463680136915984384,1
700,700,463625019378380800,1
701,701,463533874279350272,1
702,702,463506396873777152,1
703,703,463496409254469633,1
704,704,463487117583085568,1
705,705,463467605417005056,1
706,706,463464222437826561,1
707,707,463454561043513344,1
708,708,463449137858371584,1
709,709,463444413390540800,1
710,710,463441969554153472,1
711,711,463427936520249344,1
712,712,463425314274955264,1
713,713,463384975988260864,1
714,714,463256943289581568,1
715,715,463252568840220674,1
716,716,463137075047706625,1
717,717,463130094564020224,1
718,718,463126501022392320,1
719,719,463126261465088001,1
720,720,463110582565355520,1
721,721,463105267845316608,1
722,722,463101553604583424,1
723,723,463099825207406592,1
724,724,463098638756220928,1
725,725,463096648793882624,1
726,726,463094104961073152,1
727,727,463058500890161152,1
728,728,463049012283965441,1
729,729,463030309190402049,1
730,730,463023260461178881,1
731,731,463001270853582848,1
732,732,462972795216220160,1
733,733,462947005179121664,1
734,734,462851276624388096,1
735,735,462847681174704128,1
736,736,462843146104496129,1
737,737,462832967191375872,1
738,738,462827132218257408,1
739,739,462824149887774720,1
740,740,462802816596467712,1
741,741,462802546453516289,1
742,742,462799173277192194,1
743,743,462798755847499776,1
744,744,462791903906639872,1
745,745,462786431736614912,1
746,746,462785393730277376,1
747,747,462781614607446016,1
748,748,462779128144732160,1
749,749,462775472536186880,1
750,750,462774508932591616,1
751,751,462773762614910976,1
752,752,462770628685471744,1
753,753,462769456222322689,1
754,754,462769385128857600,1
755,755,462749391334682625,1
756,756,462740671330136065,1
757,757,462740643194748928,1
758,758,462740211386966016,1
759,759,462713638675963905,1
760,760,462707068831805440,1
761,761,462702981591597056,1
762,762,462699445029961728,1
763,763,462693706903351296,1
764,764,462693494927409152,1
765,765,462685068776202241,1
766,766,462676090881060866,1
767,767,462666020336173056,1
768,768,462664374445150208,1
769,769,462657302643105793,1
770,770,462646602164084736,1
771,771,462619015064854528,1
772,772,462596958084149250,1
773,773,462586795402993664,1
774,774,462580969866665985,1
775,775,462507145721036800,1
776,776,462485319346946048,1
777,777,462477498920730624,1
778,778,462468459377332224,1
779,779,462463788873428992,1
780,780,462460276189573121,1
781,781,462460249501609984,1
782,782,462454590328541184,1
783,783,462442278997741569,1
784,784,462438007489187840,1
785,785,462434863266930689,1
786,786,462423505179398147,1
787,787,462420232468832256,1
788,788,462415120551776256,1
789,789,462407736459026432,1
790,790,462407705257574400,1
791,791,462401203754651648,1
792,792,462392371721023488,1
793,793,462390431989641216,1
794,794,462386358372167680,1
795,795,462384355378491392,1
796,796,462382072598761472,1
797,797,462381391603175425,1
798,798,462373388607303681,1
799,799,462363725006397440,1
800,800,462361676919353344,1
801,801,462351420675862528,1
802,802,462351360705716225,1
803,803,462345659140800513,1
804,804,462337868124655616,1
805,805,462337254007275521,1
806,806,462320242958815232,1
807,807,462318192837541889,1
808,808,462307138304765953,1
809,809,462252360874885120,1
810,810,462246300109393921,1
811,811,462233653305937920,1
812,812,462232647386013697,1
813,813,462093892482265089,1
814,814,462087240928493568,1
815,815,462067495679963136,1
816,816,462044183390601216,1
817,817,462040360408350720,1
818,818,462026639149658112,1
819,819,462016988165206016,1
820,820,462009187862458368,1
821,821,462009114361876480,1
822,822,461992321316556801,1
823,823,461980032051982336,1
824,824,461960398464643072,1
825,825,461960149939539969,1
826,826,461890090021564416,1
827,827,461856095020257280,1
828,828,461853618589954048,1
829,829,461750895156293632,1
830,830,461733419014422528,1
831,831,472855102278340608,1
832,832,472850491735834624,1
833,833,472567546051563520,1
834,834,472545552002215936,1
835,835,472540607563309058,1
836,836,472539128069120000,1
837,837,472532423784542208,1
838,838,472449515057061888,1
839,839,472254464074981376,1
840,840,472250684528943104,1
841,841,472166026546020354,1
842,842,472033901125599232,1
843,843,471563193639514112,1
844,844,471444927583629313,1
845,845,471356751934410752,1
846,846,471096668105211905,1
847,847,471045025741406208,1
848,848,470968843628969984,1
849,849,470801001507987456,1
850,850,470800623676686336,1
851,851,470771987405877248,1
852,852,470682265593196545,1
853,853,470632863835389952,1
854,854,470577459529007104,1
855,855,470421223495970816,1
856,856,470351032938405888,1
857,857,470332693637787648,1
858,858,470188440303460352,1
859,859,469979859301990400,1
860,860,469919696201220097,1
861,861,469868092865400832,1
862,862,469696704459976705,1
863,863,469693700776656896,1
864,864,469577169279410177,1
865,865,469473561863016448,1
866,866,469244035836944384,1
867,867,468939473720737793,1
868,868,468900547027013632,1
869,869,467890052882649088,1
870,870,467831338486468609,1
871,871,467826016074084353,1
872,872,467791961697841153,1
873,873,467744974579433472,1
874,874,467496243988795392,1
875,875,467482220727250945,1
876,876,467479178171146240,1
877,877,467185428207247361,1
878,878,467138497581969408,1
879,879,466984906082357248,1
880,880,466917066399047680,1
881,881,466814541289259008,1
882,882,466777754789498880,1
883,883,466617148400762881,1
884,884,466446010202726402,1
885,885,466370480061296640,1
886,886,466259833822654464,1
887,887,466033465692282880,1
888,888,466019889619427329,1
889,889,465870095794049025,1
890,890,465619851961069568,1
891,891,465375822023385088,1
892,892,465347808917086210,1
893,893,465343466902663168,1
894,894,465326761085906944,1
895,895,465307966242299904,1
896,896,465298800698216448,1
897,897,465241879416946688,1
898,898,464945750045380608,1
899,899,464935509702475778,1
900,900,464927803264098305,1
901,901,464890321131024384,1
902,902,464797452768673792,1
903,903,464549877012529153,1
904,904,464419616136372224,1
905,905,464220482813034496,1
906,906,463871895775899648,1
907,907,463840438458130432,1
908,908,463808667024777216,1
909,909,463502871498326016,1
910,910,463479150507208705,1
911,911,463462188670550016,1
912,912,463141842389704704,1
913,913,463092678901919744,1
914,914,462979361650376704,1
915,915,462821676825456640,1
916,916,462789361914769408,1
917,917,462749868747128832,1
918,918,462749687809081344,1
919,919,462725818930970624,1
920,920,462680232894664704,1
921,921,462624944254636032,1
922,922,462598909211443200,1
923,923,462473218314731520,1
924,924,462444050931404801,1
925,925,462414051738681344,1
926,926,462413413394567169,1
927,927,462411537190121472,1
928,928,462409512557637633,1
929,929,462310599016591361,1
930,930,462309868503072769,1
931,931,461978636795777025,1
932,932,461732452801597440,1
933,933,461718545634951168,1
934,934,468958193297920000,0
935,935,471507257839341569,0
936,936,466493144562163712,0
937,937,462753859606032384,0
938,938,472873108366708738,0
939,939,472495357747003393,0
940,940,472401100902236160,0
941,941,472383648105127937,0
942,942,472187316556271617,0
943,943,472041958966173697,0
944,944,472022134202843136,0
945,945,471874172117712896,0
946,946,471774191851958273,0
947,947,471616564190781440,0
948,948,471477403530051584,0
949,949,471310017585369088,0
950,950,471294889322631168,0
951,951,471149169781268481,0
952,952,471001362235273216,0
953,953,470947293693489152,0
954,954,470867573178122240,0
955,955,470541857374863360,0
956,956,470408181148303361,0
957,957,470060874137600000,0
958,958,470025738490773504,0
959,959,469647470327508992,0
960,960,469159728698753024,0
961,961,468941082685087745,0
962,962,468892884654362624,0
963,963,468813340194906112,0
964,964,468487754478014465,0
965,965,468135161193062400,0
966,966,468061831127265280,0
967,967,467888464386854913,0
968,968,467862692322365440,0
969,969,467667938343149568,0
970,970,467476243420839938,0
971,971,467336166799572992,0
972,972,467247875282706432,0
973,973,467111787825860608,0
974,974,467094140283813888,0
975,975,466949665024262146,0
976,976,466242412458037248,0
977,977,466104293305905152,0
978,978,465904190842494976,0
979,979,465647324560363520,0
980,980,465530643657400320,0
981,981,465298082356133888,0
982,982,465189157417922560,0
983,983,465183125581352960,0
984,984,465180146085814272,0
985,985,465005699014352896,0
986,986,464935067937026048,0
987,987,464924579694403584,0
988,988,464825491485392896,0
989,989,464606615388557313,0
990,990,464257032711708673,0
991,991,464252973838004224,0
992,992,464250624910299136,0
993,993,464200435629584386,0
994,994,463876581568413696,0
995,995,463852555588481024,0
996,996,463497460355444736,0
997,997,463494718773809153,0
998,998,463320298805555200,0
999,999,463133970809753600,0
1000,1000,462859803610460160,0
1001,1001,462782705269084160,0
1002,1002,462592928569753600,0
1003,1003,462578667089301504,0
1004,1004,462362834371088385,0
1005,1005,462244540192391169,0
1006,1006,461866627420545024,0
1007,1007,464924258561687552,0
1008,1008,464918972186783745,0
1009,1009,472932793283252224,0
1010,1010,472907440410075137,0
1011,1011,472897426022760448,0
1012,1012,472880095548678144,0
1013,1013,472874653867057154,0
1014,1014,472861032604766208,0
1015,1015,472810240933912576,0
1016,1016,472810156716482560,0
1017,1017,472799345801449472,0
1018,1018,472794674315292672,0
1019,1019,472790800011902977,0
1020,1020,472781180010758145,0
1021,1021,472779373494677504,0
1022,1022,472779155080101888,0
1023,1023,472759274062360576,0
1024,1024,472748188123017216,0
1025,1025,472743637609349120,0
1026,1026,472741496337477633,0
1027,1027,472732143974899712,0
1028,1028,472707036254175232,0
1029,1029,472633101881839616,0
1030,1030,472612027102662656,0
1031,1031,472580949612691456,0
1032,1032,472538149109788672,0
1033,1033,472530984924372992,0
1034,1034,472530436552679424,0
1035,1035,472500783372857344,0
1036,1036,472499516558409728,0
1037,1037,472488790393901057,0
1038,1038,472478010319577088,0
1039,1039,472476963651981312,0
1040,1040,472469564455133184,0
1041,1041,472444655892570112,0
1042,1042,472429610932514816,0
1043,1043,472422272784166913,0
1044,1044,472413303864832000,0
1045,1045,472408466188144640,0
1046,1046,472401706979176448,0
1047,1047,472355214415384576,0
1048,1048,472257238229192705,0
1049,1049,472241839379345408,0
1050,1050,472230960855932928,0
1051,1051,472158631837073408,0
1052,1052,472134868714131457,0
1053,1053,472122124199419904,0
1054,1054,472118817053999104,0
1055,1055,472082992727621632,0
1056,1056,472046985990930432,0
1057,1057,472000140329623553,0
1058,1058,471858144306409474,0
1059,1059,471803210542620672,0
1060,1060,471781009340776448,0
1061,1061,471724840760930305,0
1062,1062,471677065138552832,0
1063,1063,471646107458883584,0
1064,1064,471633445228404736,0
1065,1065,471543822695288832,0
1066,1066,471517656101953536,0
1067,1067,471505740591808512,0
1068,1068,471478630158450688,0
1069,1069,471456967412957185,0
1070,1070,471429305038557185,0
1071,1071,471377523956523009,0
1072,1072,471319265396527104,0
1073,1073,471266313722011651,0
1074,1074,471258510786039808,0
1075,1075,471241249702555648,0
1076,1076,471203526677651456,0
1077,1077,471141599893020672,0
1078,1078,471070880769273856,0
1079,1079,471056747126616064,0
1080,1080,471028325335719936,0
1081,1081,470965831854477312,0
1082,1082,470958463045353473,0
1083,1083,470951983621632001,0
1084,1084,470940680249180161,0
1085,1085,470920992110694400,0
1086,1086,470905947905605632,0
1087,1087,470770219582230529,0
1088,1088,470767552063602688,0
1089,1089,470721843046141953,0
1090,1090,470716079556141057,0
1091,1091,470704988197761024,0
1092,1092,470690105167208448,0
1093,1093,470680092608593921,0
1094,1094,470668759985057792,0
1095,1095,470627660222459904,0
1096,1096,470620097149554688,0
1097,1097,470600831104868352,0
1098,1098,470584599743959040,0
1099,1099,470580186279608320,0
1100,1100,470576971165220864,0
1101,1101,470576403188940800,0
1102,1102,470560492545908737,0
1103,1103,470420463538032640,0
1104,1104,470387237801054208,0
1105,1105,470370423494807553,0
1106,1106,470368437748105216,0
1107,1107,470361383646011392,0
1108,1108,470328807879352320,0
1109,1109,470271855535083520,0
1110,1110,470271803689283585,0
1111,1111,470233601301553152,0
1112,1112,470226979384741889,0
1113,1113,470207795363860482,0
1114,1114,470201261435158528,0
1115,1115,470178757614243841,0
1116,1116,470094931558948864,0
1117,1117,470072530553016320,0
1118,1118,470056663580684288,0
1119,1119,470045105529712640,0
1120,1120,470016617116860416,0
1121,1121,469997999368966144,0
1122,1122,469996822723706881,0
1123,1123,469962467448467456,0
1124,1124,469931058793029632,0
1125,1125,469922600656068608,0
1126,1126,469917284786794496,0
1127,1127,469909107869499392,0
1128,1128,469897900584370176,0
1129,1129,469894671511334912,0
1130,1130,469843446031978496,0
1131,1131,469828071982653440,0
1132,1132,469815153018802176,0
1133,1133,469799185542565888,0
1134,1134,469707415227998210,0
1135,1135,469687049067692033,0
1136,1136,469638081474084864,0
1137,1137,469632144223240192,0
1138,1138,469625882475511809,0
1139,1139,469611212959797248,0
1140,1140,469597890391048192,0
1141,1141,469595125375827968,0
1142,1142,469546385621397504,0
1143,1143,469516771649941504,0
1144,1144,469493316971925504,0
1145,1145,469479090169585665,0
1146,1146,469476578884608000,0
1147,1147,469464853061828608,0
1148,1148,469456285654859778,0
1149,1149,469449922312294400,0
1150,1150,469341443619033088,0
1151,1151,469338651575721984,0
1152,1152,469325235628826626,0
1153,1153,469320472988221440,0
1154,1154,469319007741685760,0
1155,1155,469307789060616192,0
1156,1156,469299183665819648,0
1157,1157,469247259784519680,0
1158,1158,469164010424635393,0
1159,1159,469159225504301056,0
1160,1160,469140959788552192,0
1161,1161,469136065505542144,0
1162,1162,468919931665657856,0
1163,1163,468913619846316033,0
1164,1164,468888370362728448,0
1165,1165,468864425882292225,0
1166,1166,468840568500813824,0
1167,1167,468823677724012544,0
1168,1168,468820442560876544,0
1169,1169,468594619572568064,0
1170,1170,468569087132844032,0
1171,1171,468548111841771520,0
1172,1172,468537291473170432,0
1173,1173,468534816326311936,0
1174,1174,468478330497675264,0
1175,1175,468452640419246080,0
1176,1176,468452330615373825,0
1177,1177,468270513295745024,0
1178,1178,468187686218768384,0
1179,1179,468176686832705536,0
1180,1180,468167444373446656,0
1181,1181,468157903829225472,0
1182,1182,468153323275976704,0
1183,1183,468141829981216769,0
1184,1184,468083533056319488,0
1185,1185,468061381259173888,0
1186,1186,468059718616096768,0
1187,1187,468055204118933504,0
1188,1188,468048781326688256,0
1189,1189,468037134969237504,0
1190,1190,468035094322905088,0
1191,1191,468032451181543424,0
1192,1192,468030852631638016,0
1193,1193,468018192544444418,0
1194,1194,467923022230585344,0
1195,1195,467881707660902400,0
1196,1196,467867836749451264,0
1197,1197,467851144019312640,0
1198,1198,467840770011983875,0
1199,1199,467832620794261505,0
1200,1200,467822130789621760,0
1201,1201,467803406954799104,0
1202,1202,467754373633048577,0
1203,1203,467712549497352193,0
1204,1204,467674583920021505,0
1205,1205,467659232155009025,0
1206,1206,467617536159514624,0
1207,1207,467583615032111104,0
1208,1208,467505056993275904,0
1209,1209,467498864556376064,0
1210,1210,467497347342413824,0
1211,1211,467485230849617920,0
1212,1212,467484617197760512,0
1213,1213,467482803987554304,0
1214,1214,467480887396139009,0
1215,1215,467468844081360897,0
1216,1216,467428934062460928,0
1217,1217,467425343641370624,0
1218,1218,467387406551769089,0
1219,1219,467275141538656256,0
1220,1220,467177534095106048,0
1221,1221,467168614945398784,0
1222,1222,467152600216129536,0
1223,1223,467150588363681792,0
1224,1224,467150492641271809,0
1225,1225,467150338529968128,0
1226,1226,467147305658093568,0
1227,1227,467139452805328896,0
1228,1228,467124357324877824,0
1229,1229,467123227626848256,0
1230,1230,467112972113158146,0
1231,1231,467110739053137920,0
1232,1232,467109534134439936,0
1233,1233,467105106274418688,0
1234,1234,467103914303971328,0
1235,1235,467074286306729987,0
1236,1236,467072160985391104,0
1237,1237,467043434843602945,0
1238,1238,467016509315747841,0
1239,1239,467016445667606528,0
1240,1240,466988103127691264,0
1241,1241,466967479861116928,0
1242,1242,466964370346766336,0
1243,1243,466951848231182336,0
1244,1244,466932706623127552,0
1245,1245,466921483508666368,0
1246,1246,466919979011809280,0
1247,1247,466800090959867904,0
1248,1248,466789449943511040,0
1249,1249,466766643373543424,0
1250,1250,466731068486586368,0
1251,1251,466710502899335168,0
1252,1252,466699318003765249,0
1253,1253,466648583836418048,0
1254,1254,466596178193555456,0
1255,1255,466536102572990464,0
1256,1256,466465333948465152,0
1257,1257,466428426686332929,0
1258,1258,466405318680133634,0
1259,1259,466398464696676353,0
1260,1260,466389702808190976,0
1261,1261,466370952520294400,0
1262,1262,466369430671618048,0
1263,1263,466362283384635393,0
1264,1264,466315779403943937,0
1265,1265,466307880048947200,0
1266,1266,466300823568678913,0
1267,1267,466298265705922561,0
1268,1268,466274839699812352,0
1269,1269,466274646468603904,0
1270,1270,466271680957267968,0
1271,1271,466266397556101120,0
1272,1272,466101467292901376,0
1273,1273,466059882593275904,0
1274,1274,466058993123594240,0
1275,1275,466056666610290689,0
1276,1276,466051778073473024,0
1277,1277,466044285310488576,0
1278,1278,466043208599085056,0
1279,1279,466033967901458432,0
1280,1280,466028362948153345,0
1281,1281,465991388321300480,0
1282,1282,465979018769367040,0
1283,1283,465976174082928640,0
1284,1284,465964996636467200,0
1285,1285,465962461829824512,0
1286,1286,465962321249312768,0
1287,1287,465960096749875200,0
1288,1288,465933504833130497,0
1289,1289,465927348052049920,0
1290,1290,465914588899598336,0
1291,1291,465886375938899968,0
1292,1292,465858754823876608,0
1293,1293,465743829052952576,0
1294,1294,465670808036462592,0
1295,1295,465647420068884480,0
1296,1296,465637889075052544,0
1297,1297,465618127372713984,0
1298,1298,465569400889032706,0
1299,1299,465549027036381185,0
1300,1300,465531357536727040,0
1301,1301,465517354194329601,0
1302,1302,465516721546489857,0
1303,1303,465513215829360640,0
1304,1304,465512122144010240,0
1305,1305,465504268838264832,0
1306,1306,465490766769684480,0
1307,1307,465460371462324224,0
1308,1308,465380650036756480,0
1309,1309,465351207264219136,0
1310,1310,465341810546847744,0
1311,1311,465339027559034880,0
1312,1312,465337222716461056,0
1313,1313,465324118754492416,0
1314,1314,465312812144021504,0
1315,1315,465309056366682113,0
1316,1316,465300620833202177,0
1317,1317,465299076330713089,0
1318,1318,465261681191706625,0
1319,1319,465228348588064771,0
1320,1320,465194431294242816,0
1321,1321,465190194598400000,0
1322,1322,465120036345380864,0
1323,1323,465113726010400769,0
1324,1324,464994404974219265,0
1325,1325,464990733070774272,0
1326,1326,464976787857215488,0
1327,1327,464959770789961728,0
1328,1328,464898225292705794,0
1329,1329,464892443775991808,0
1330,1330,464868382899445760,0
1331,1331,464865950521909248,0
1332,1332,464852144554643456,0
1333,1333,464836942467973120,0
1334,1334,464833916491550722,0
1335,1335,464831272091926530,0
1336,1336,464795856445898752,0
1337,1337,464778468593393666,0
1338,1338,464754699934371841,0
1339,1339,464740579143069697,0
1340,1340,464648677337083904,0
1341,1341,464616551656984578,0
1342,1342,464614418832437249,0
1343,1343,464610590607306754,0
1344,1344,464596491462803456,0
1345,1345,464596124486344704,0
1346,1346,464588798639484928,0
1347,1347,464568059039318016,0
1348,1348,464567645095071744,0
1349,1349,464565753346527232,0
1350,1350,464565543027363840,0
1351,1351,464560478430453762,0
1352,1352,464550568321880064,0
1353,1353,464519507931721728,0
1354,1354,464474309206233088,0
1355,1355,464461431736635392,0
1356,1356,464454443627741185,0
1357,1357,464444014176268288,0
1358,1358,464438282496270336,0
1359,1359,464432805649588225,0
1360,1360,464415382552719360,0
1361,1361,464399510555201537,0
1362,1362,464378694031515648,0
1363,1363,464279217652629504,0
1364,1364,464255104355688448,0
1365,1365,464252141725822976,0
1366,1366,464249163698696192,0
1367,1367,464234789625925632,0
1368,1368,464225846757453824,0
1369,1369,464210005890449409,0
1370,1370,464179274296340480,0
1371,1371,464093688121946112,0
1372,1372,464044836119531521,0
1373,1373,464038326840737794,0
1374,1374,463935897650860033,0
1375,1375,463761854591139840,0
1376,1376,463740268047372288,0
1377,1377,463735431784579072,0
1378,1378,463734743054307328,0
1379,1379,463717361355616256,0
1380,1380,463684688474038273,0
1381,1381,463584633930911744,0
1382,1382,463540761972068352,0
1383,1383,463514712097837056,0
1384,1384,463511390125584384,0
1385,1385,463500665164419072,0
1386,1386,463462411526504449,0
1387,1387,463406140051558400,0
1388,1388,463398282606411776,0
1389,1389,463396310897655809,0
1390,1390,463325047382212608,0
1391,1391,463151646181048321,0
1392,1392,463108577918738432,0
1393,1393,463083067268427777,0
1394,1394,463079209405923328,0
1395,1395,463042140432789504,0
1396,1396,463042084304588802,0
1397,1397,463027053759954945,0
1398,1398,463012191122096130,0
1399,1399,463007952841211904,0
1400,1400,463000189557407745,0
1401,1401,462983043268235264,0
1402,1402,462977244420657153,0
1403,1403,462958948187127808,0
1404,1404,462938548245897217,0
1405,1405,462843229608898560,0
1406,1406,462835824179302400,0
1407,1407,462835667941089280,0
1408,1408,462835022731681792,0
1409,1409,462824389956751360,0
1410,1410,462814145889701889,0
1411,1411,462811439468924929,0
1412,1412,462798113607266304,0
1413,1413,462781340522647553,0
1414,1414,462754326117892096,0
1415,1415,462744662973755392,0
1416,1416,462717493660749826,0
1417,1417,462713711111569408,0
1418,1418,462702664263143424,0
1419,1419,462647873176621056,0
1420,1420,462644706649055232,0
1421,1421,462636969638375425,0
1422,1422,462628386523713537,0
1423,1423,462601970495520769,0
1424,1424,462584296864509952,0
1425,1425,462474650229166080,0
1426,1426,462470507422420992,0
1427,1427,462447101218025472,0
1428,1428,462441525847543808,0
1429,1429,462423148982321152,0
1430,1430,462416792544358400,0
1431,1431,462413842824577024,0
1432,1432,462399512057610241,0
1433,1433,462394730790141953,0
1434,1434,462377275221360640,0
1435,1435,462366271938768896,0
1436,1436,462361372181794816,0
1437,1437,462361350053048320,0
1438,1438,462345588533915648,0
1439,1439,462322534742904832,0
1440,1440,462320048863182848,0
1441,1441,462315904945360898,0
1442,1442,462315605094592513,0
1443,1443,462305284997013504,0
1444,1444,462278480550707200,0
1445,1445,462277728444502016,0
1446,1446,462246834698596352,0
1447,1447,462237873807187969,0
1448,1448,462225090428829696,0
1449,1449,462116526938947584,0
1450,1450,462088462837882880,0
1451,1451,462070875928682496,0
1452,1452,462070796655935488,0
1453,1453,462068133575262208,0
1454,1454,462052486921330688,0
1455,1455,462046946367381504,0
1456,1456,462028398886670336,0
1457,1457,462016584072982528,0
1458,1458,462015870257344512,0
1459,1459,462013869414973442,0
1460,1460,462009586674044928,0
1461,1461,461998743521611776,0
1462,1462,461958011032854528,0
1463,1463,461957803708387328,0
1464,1464,461949937136451584,0
1465,1465,461901881220952065,0
1466,1466,461901365300969472,0
1467,1467,461896882336194560,0
1468,1468,461887950528454656,0
1469,1469,461870108768354306,0
1470,1470,461861396255637504,0
1471,1471,461748305840844801,0
1472,1472,461739778010906624,0
1473,1473,461730055241351168,0
1474,1474,472855286156640256,0
1475,1475,472769518587351042,0
1476,1476,472566987185750016,0
1477,1477,472523506329325568,0
1478,1478,472139796899704832,0
1479,1479,471884265878077441,0
1480,1480,471710282876588032,0
1481,1481,471665078753058816,0
1482,1482,471650911870136320,0
1483,1483,471561982630715392,0
1484,1484,471490291120492544,0
1485,1485,470973055900979200,0
1486,1486,470947464280047618,0
1487,1487,470774465459388416,0
1488,1488,470763943561281536,0
1489,1489,470740388148678656,0
1490,1490,470724998261657602,0
1491,1491,470642809377013760,0
1492,1492,470544130276605953,0
1493,1493,470412578058141696,0
1494,1494,470378467323039744,0
1495,1495,470357415175942144,0
1496,1496,470330719211118592,0
1497,1497,470310957999480832,0
1498,1498,470071355782987776,0
1499,1499,470018814537920512,0
1500,1500,469985824608514050,0
1501,1501,469851372826157056,0
1502,1502,469684443649933312,0
1503,1503,469614345253838848,0
1504,1504,469537067815669760,0
1505,1505,469279297283584000,0
1506,1506,469254780804931584,0
1507,1507,469138711624433665,0
1508,1508,469106923334561793,0
1509,1509,468930248995012609,0
1510,1510,468929500655661060,0
1511,1511,468926492194643969,0
1512,1512,468893705202839552,0
1513,1513,468608598713851904,0
1514,1514,468479111002734592,0
1515,1515,468478433669177345,0
1516,1516,468198403797958656,0
1517,1517,467763072191717376,0
1518,1518,467703043887476736,0
1519,1519,467683962048225281,0
1520,1520,467543138887036928,0
1521,1521,467499681564880896,0
1522,1522,467379061690736640,0
1523,1523,467346610108637184,0
1524,1524,467162746816315392,0
1525,1525,467149056469635072,0
1526,1526,467111040933965825,0
1527,1527,466743431768080384,0
1528,1528,466666844859146240,0
1529,1529,466585409762623488,0
1530,1530,466578658334101504,0
1531,1531,466382317024739331,0
1532,1532,465957451888881664,0
1533,1533,465799052169576448,0
1534,1534,465671440466194432,0
1535,1535,465630805029429248,0
1536,1536,465557949331800064,0
1537,1537,465339062380163072,0
1538,1538,465321838735015936,0
1539,1539,465303567893794816,0
1540,1540,465300700617256960,0
1541,1541,465234468673183744,0
1542,1542,464982805118586880,0
1543,1543,464978757875671041,0
1544,1544,464893099689275392,0
1545,1545,464882160688570368,0
1546,1546,464858162529837056,0
1547,1547,464547616844685313,0
1548,1548,464464759082196992,0
1549,1549,464162807261724672,0
1550,1550,464132574445436928,0
1551,1551,464039172215296001,0
1552,1552,463747744793133056,0
1553,1553,463670312861986816,0
1554,1554,463561363798130688,0
1555,1555,463516825587032064,0
1556,1556,463512470494396416,0
1557,1557,463188205827670017,0
1558,1558,463149255138738176,0
1559,1559,463046167551807489,0
1560,1560,463028542616662017,0
1561,1561,463019508761112576,0
1562,1562,462994914205523968,0
1563,1563,462951711053586432,0
1564,1564,462823781325492224,0
1565,1565,462758674512244736,0
1566,1566,462666391443632128,0
1567,1567,462656440784920576,0
1568,1568,462623201861066752,0
1569,1569,462423664688775169,0
1570,1570,462369886937694208,0
1571,1571,462350333679632384,0
1572,1572,462313926261489672,0
1573,1573,462098726962470914,0
1574,1574,461991536910409731,0
1575,1575,461933910004215808,0
